road_name,distance_km,duration_in_traffic_min,speed_kmh,delay_min,traffic_condition,timestamp,start_point,end_point
Al Nadwah,10.482,20.883333333333333,30.115881883479645,0.4166666666666667,Blue,2024-10-02T03:00:30.106951,"(24.8334879, 46.92008999999999)","(24.7888572, 46.8588979)"
Al Nadwah,2.397,6.133333333333334,23.448913043478257,-0.85,Blue,2024-10-02T03:00:30.210863,"(24.7888572, 46.8588979)","(24.7743639, 46.8608065)"
King Abdul Aziz Road,12.235,19.033333333333335,38.56917688266199,-0.8666666666666667,Blue,2024-10-02T03:00:30.326268,"(24.999486, 46.72798419999999)","(24.9286095, 46.7150481)"
King Abdul Aziz Road,24.132,16.85,85.92997032640949,-1.4,Blue,2024-10-02T03:00:30.428469,"(24.9286095, 46.7150481)","(24.796827, 46.5643251)"
King Abdul Aziz Road,17.492,10.9,96.28623853211009,-1.3833333333333333,Blue,2024-10-02T03:00:30.512960,"(24.796827, 46.5643251)","(24.6575642, 46.5630617)"
King Abdul Aziz Road,2.712,4.133333333333334,39.36774193548386,0.03333333333333333,Blue,2024-10-02T03:00:30.614223,"(24.6575642, 46.5630617)","(24.6420561, 46.5492114)"
King Salman Road,12.934,16.216666666666665,47.85447070914697,-0.25,Blue,2024-10-02T03:00:30.686787,"(24.9792168, 46.724687)","(24.9229714, 46.7204701)"
King Salman Road,23.308,14.316666666666666,97.68195576251455,-0.8666666666666667,Blue,2024-10-02T03:00:30.725512,"(24.9229714, 46.7204701)","(24.796827, 46.5643251)"
King Salman Road,5.568,6.05,55.2198347107438,-0.31666666666666665,Blue,2024-10-02T03:00:30.821633,"(24.796827, 46.5643251)","(24.796728, 46.5538512)"
أبي نصر الفارابي,23.309,28.016666666666666,49.91814396192743,-4.066666666666666,Blue,2024-10-02T03:00:30.893548,"(24.6555035, 46.8913239)","(24.6407624, 46.8837473)"
الأشقر,6.918,10.5,39.53142857142858,0.9,Yellow,2024-10-02T03:00:31.007450,"(24.9089055, 46.9546838)","(24.8775235, 46.9313462)"
الأمير سعود بن عبدالله بن جلوي,12.048,11.683333333333334,61.872753209700434,-0.9666666666666667,Blue,2024-10-02T03:00:31.082872,"(24.8687957, 46.6632926)","(24.8297783, 46.60033199999999)"
الأمير سعود بن عبدالله بن جلوي,2.028,2.75,44.24727272727273,-0.3,Blue,2024-10-02T03:00:31.153551,"(24.8297783, 46.60033199999999)","(24.8422131, 46.604361)"
العزايزه,11.967,15.666666666666666,45.83106382978723,-1.6666666666666667,Blue,2024-10-02T03:00:31.252687,"(24.6131743, 46.8134172)","(24.5881304, 46.7601929)"
العزايزه,6.48,9.183333333333334,42.33756805807623,-0.4166666666666667,Blue,2024-10-02T03:00:31.329743,"(24.5881304, 46.7601929)","(24.5615576, 46.7376921)"
العوفي,10.632,15.016666666666667,42.48079911209767,0.06666666666666667,Blue,2024-10-02T03:00:31.399791,"(24.9529452, 46.9410446)","(24.9043881, 46.91483119999999)"
العوفي,8.589,13.4,38.45820895522388,0.3,Blue,2024-10-02T03:00:31.466212,"(24.9043881, 46.91483119999999)","(24.8796104, 46.8908382)"
بنها,9.759,12.833333333333334,45.6264935064935,-1.5333333333333334,Blue,2024-10-02T03:00:31.540700,"(24.6113886, 46.8379204)","(24.5988688, 46.8215)"
تقي الدين التميمي,8.389,12.666666666666666,39.73736842105263,1.3666666666666667,Yellow,2024-10-02T03:00:31.614584,"(24.663953, 46.5257629)","(24.6367317, 46.4820289)"
شارع الشيخ عبدالله بن جبرين,10.769,12.25,52.74612244897959,-1.4,Blue,2024-10-02T03:00:31.694374,"(24.8353793, 46.6101818)","(24.8233879, 46.5807562)"
شارع شبه الجزيرة,12.493,15.866666666666667,47.24243697478992,-1.0166666666666666,Blue,2024-10-02T03:00:31.763018,"(24.7104028, 46.9117787)","(24.7163466, 46.8774609)"
شارع شبه الجزيرة,15.347,13.116666666666667,70.2022871664549,-0.2,Blue,2024-10-02T03:00:31.830241,"(24.7163466, 46.8774609)","(24.632121, 46.8075755)"
شارع شبه الجزيرة,3.712,4.716666666666667,47.21978798586572,-0.11666666666666667,Blue,2024-10-02T03:00:31.904740,"(24.632121, 46.8075755)","(24.6055601, 46.8177934)"
شارع منصور الحازمي,6.7,9.616666666666667,41.802426343154245,0.05,Blue,2024-10-02T03:00:31.982931,"(24.8950573, 46.6389164)","(24.8875026, 46.6360641)"
طريق خزام,11.258,13.066666666666666,51.69489795918367,-0.016666666666666666,Blue,2024-10-02T03:00:32.065753,"(25.0525287, 46.7972918)","(25.0461094, 46.7471065)"
طريق خزام,10.312,8.4,73.65714285714284,-0.43333333333333335,Blue,2024-10-02T03:00:32.148172,"(25.0461094, 46.7471065)","(24.9628648, 46.7860364)"
طريق خزام,13.979,12.133333333333333,69.12692307692308,-1.5166666666666666,Blue,2024-10-02T03:00:32.204442,"(24.9628648, 46.7860364)","(24.8918964, 46.7151761)"
طريق خزام,5.905,4.883333333333334,72.55290102389078,-0.36666666666666664,Blue,2024-10-02T03:00:32.271481,"(24.8918964, 46.7151761)","(24.8702366, 46.6964474)"
Northern Ring Road,55.002,51.583333333333336,63.97647819063005,11.3,Orange,2024-10-02T03:00:32.369520,"(24.954535, 47.0142416)","(24.7258606, 46.583506)"
Jeddah Road,31.502,23.75,79.584,-1.9166666666666667,Blue,2024-10-02T03:00:32.461161,"(24.6942446, 46.641401)","(24.5267888, 46.438767)"
Jeddah Road,21.325,13.383333333333333,95.60398505603986,-1.2,Blue,2024-10-02T03:00:32.544006,"(24.5267888, 46.438767)","(24.5263866, 46.43865479999999)"
طريق أبي بكر الصديق,31.402,25.183333333333334,74.81614824619457,-2.35,Blue,2024-10-02T03:00:32.630071,"(24.9666636, 46.7278106)","(24.796827, 46.5643251)"
طريق أبي بكر الصديق,11.986,7.9,91.03291139240505,-0.5833333333333334,Blue,2024-10-02T03:00:32.702340,"(24.796827, 46.5643251)","(24.7089077, 46.6195443)"
طريق أبي بكر الصديق,5.924,8.416666666666666,42.23049504950495,-0.5166666666666667,Blue,2024-10-02T03:00:32.770945,"(24.7089077, 46.6195443)","(24.6981332, 46.589189)"
Dammam Road,2.144,3.4833333333333334,36.93014354066986,0.3,Yellow,2024-10-02T03:00:32.842692,"(24.7863886, 46.7072824)","(24.7879849, 46.7180645)"
Khurais Road,19.113,11.4,100.59473684210526,-0.43333333333333335,Blue,2024-10-02T03:00:32.915598,"(24.9451257, 47.0000027)","(24.8457928, 46.8565916)"
Khurais Road,19.452,18.783333333333335,62.135936113575866,0.9833333333333333,Yellow,2024-10-02T03:00:32.994450,"(24.8457928, 46.8565916)","(24.7173974, 46.7662467)"
Khurais Road,2.585,4.516666666666667,34.33948339483395,0.16666666666666666,Blue,2024-10-02T03:00:33.067326,"(24.7173974, 46.7662467)","(24.7110979, 46.7619824)"
طريق الأمير فيصل بن بندر بن عبدالعزيز,13.967,12.866666666666667,65.13108808290156,-0.7,Blue,2024-10-02T03:00:33.139616,"(24.9999964, 46.7079505)","(24.9286095, 46.7150481)"
طريق الأمير فيصل بن بندر بن عبدالعزيز,17.997,13.05,82.7448275862069,-0.9166666666666666,Blue,2024-10-02T03:00:33.258216,"(24.9286095, 46.7150481)","(24.8262209, 46.613041)"
طريق الأمير فيصل بن بندر بن عبدالعزيز,7.89,9.5,49.83157894736842,-1.1666666666666667,Blue,2024-10-02T03:00:33.326856,"(24.8262209, 46.613041)","(24.8071331, 46.58059009999999)"
Al Janadriyah,11.016,8.516666666666667,77.6078277886497,0.36666666666666664,Blue,2024-10-02T03:00:33.392726,"(24.9446738, 46.99754)","(24.9458889, 47.00449709999999)"
Al Janadriyah,19.575,11.75,99.95744680851064,-0.4,Blue,2024-10-02T03:00:33.442036,"(24.9458889, 47.00449709999999)","(24.8457928, 46.8565916)"
Al Janadriyah,7.619,7.416666666666667,61.636853932584266,-0.11666666666666667,Blue,2024-10-02T03:00:33.511564,"(24.8457928, 46.8565916)","(24.7890094, 46.8449595)"
Olaya Road,11.053,9.65,68.72331606217617,-0.95,Blue,2024-10-02T03:00:33.588489,"(24.8283996, 46.6952763)","(24.7970264, 46.719939)"
Olaya Road,14.512,10.0,87.072,-1.0833333333333333,Blue,2024-10-02T03:00:33.666823,"(24.7970264, 46.719939)","(24.7388275, 46.59441409999999)"
Olaya Road,11.688,9.0,77.92,-0.9666666666666667,Blue,2024-10-02T03:00:33.747052,"(24.7388275, 46.59441409999999)","(24.6714694, 46.6223696)"
Airport Road,11.465,17.966666666666665,38.28756957328386,-0.7166666666666667,Blue,2024-10-02T03:00:33.828624,"(24.993577, 46.7319439)","(24.9286095, 46.7150481)"
Airport Road,13.174,9.85,80.24771573604062,-0.8333333333333334,Blue,2024-10-02T03:00:33.891215,"(24.9286095, 46.7150481)","(24.8315628, 46.7228638)"
Airport Road,10.841,8.016666666666667,81.13846153846153,-0.43333333333333335,Blue,2024-10-02T03:00:33.971678,"(24.8315628, 46.7228638)","(24.7686837, 46.6651902)"
Airport Road,2.399,3.4,42.33529411764706,-0.31666666666666665,Blue,2024-10-02T03:00:34.049762,"(24.7686837, 46.6651902)","(24.7792215, 46.65118289999999)"
East Ring Road,17.842,20.583333333333332,52.00906882591093,1.9333333333333333,Yellow,2024-10-02T03:00:34.123617,"(24.7921779, 46.8058943)","(24.7298106, 46.6686894)"
East Ring Road,12.602,10.233333333333333,73.88794788273616,-2.8833333333333333,Blue,2024-10-02T03:00:34.203894,"(24.7298106, 46.6686894)","(24.6280957, 46.7049403)"
East Ring Road,2.072,5.233333333333333,23.755414012738854,-0.15,Blue,2024-10-02T03:00:34.282184,"(24.6280957, 46.7049403)","(24.6217419, 46.716629)"
Western Ring Rd,28.072,19.05,88.41574803149607,-3.5,Blue,2024-10-02T03:00:34.402475,"(24.7396285, 46.6461567)","(24.5622416, 46.5102615)"
Western Ring Rd,6.121,9.733333333333333,37.73219178082192,0.2833333333333333,Blue,2024-10-02T03:00:34.476438,"(24.5622416, 46.5102615)","(24.5537007, 46.5576904)"
شارع المدينة المنورة,16.691,13.316666666666666,75.2035043804756,-3.033333333333333,Blue,2024-10-02T03:00:34.553328,"(24.6637137, 46.7962236)","(24.5854047, 46.71030630000001)"
شارع المدينة المنورة,12.634,8.733333333333333,86.79847328244276,-0.8833333333333333,Blue,2024-10-02T03:00:34.635019,"(24.5854047, 46.71030630000001)","(24.5819658, 46.6013966)"
شارع المدينة المنورة,4.817,8.3,34.82168674698795,-1.5333333333333334,Blue,2024-10-02T03:00:34.704841,"(24.5819658, 46.6013966)","(24.5633024, 46.57389740000001)"
Al Thoumamah Rd,16.885,15.133333333333333,66.94493392070486,-0.48333333333333334,Blue,2024-10-02T03:00:34.790886,"(24.9379168, 46.8154625)","(24.828963, 46.7249418)"
Al Thoumamah Rd,14.449,12.383333333333333,70.0086137281292,-2.066666666666667,Blue,2024-10-02T03:00:34.871343,"(24.828963, 46.7249418)","(24.7478186, 46.64167339999999)"
Al Thoumamah Rd,2.366,3.75,37.856,-0.18333333333333332,Blue,2024-10-02T03:00:34.945506,"(24.7478186, 46.64167339999999)","(24.7457307, 46.6293496)"
الشرق,28.75,20.383333333333333,84.62796402289453,-0.016666666666666666,Blue,2024-10-02T03:00:35.030761,"(24.9969248, 47.0206805)","(24.836873, 46.8415833)"
الشرق,3.416,4.95,41.406060606060606,-0.55,Blue,2024-10-02T03:00:35.111022,"(24.836873, 46.8415833)","(24.8396783, 46.8220465)"
طريق الجنادرية,13.418,18.0,44.72666666666667,-0.16666666666666666,Blue,2024-10-02T03:00:35.179091,"(24.9709788, 46.86326409999999)","(24.8839823, 46.8066945)"
طريق الجنادرية,11.556,13.1,52.92824427480916,0.18333333333333332,Blue,2024-10-02T03:00:35.256170,"(24.8839823, 46.8066945)","(24.8095731, 46.8085962)"
طريق الجنادرية,5.586,7.533333333333333,44.49026548672566,1.9666666666666666,Orange,2024-10-02T03:00:35.330760,"(24.8095731, 46.8085962)","(24.7796768, 46.78538289999999)"
وادي لبن,12.958,13.433333333333334,57.87692307692308,-0.8833333333333333,Blue,2024-10-02T03:00:35.402702,"(24.6413405, 46.6497779)","(24.6171257, 46.5705705)"
وادي لبن,13.787,18.433333333333334,44.87631103074141,-3.0166666666666666,Blue,2024-10-02T03:00:35.486805,"(24.6171257, 46.5705705)","(24.5678286, 46.4490594)"
King Abdullah Road,24.171,30.2,48.02185430463577,9.016666666666667,Orange,2024-10-02T03:00:35.558552,"(24.8027161, 46.8191147)","(24.70444, 46.6237931)"
جبل طويق,19.866,23.816666666666666,50.047305808257526,0.05,Blue,2024-10-02T03:00:35.636625,"(24.6110185, 46.5970853)","(24.5314227, 46.44674269999999)"
جبل طويق,2.031,3.05,39.95409836065574,-0.03333333333333333,Blue,2024-10-02T03:00:35.707787,"(24.5314227, 46.44674269999999)","(24.5247086, 46.4398135)"
شارع وادي حنيفة,18.494,17.016666666666666,65.20901077375123,-3.0,Blue,2024-10-02T03:00:35.783082,"(24.7034634, 46.68073680000001)","(24.6250566, 46.5780259)"
شارع وادي حنيفة,6.064,6.266666666666667,58.05957446808511,-1.0333333333333334,Blue,2024-10-02T03:00:35.858092,"(24.6250566, 46.5780259)","(24.6000653, 46.6023406)"
خالد ابن الوليد,11.226,18.0,37.42,6.383333333333334,Red,2024-10-02T03:00:35.935952,"(24.8178307, 46.7892589)","(24.7924503, 46.7216817)"
خالد ابن الوليد,11.113,12.233333333333333,54.50517711171663,-1.1833333333333333,Blue,2024-10-02T03:00:36.011074,"(24.7924503, 46.7216817)","(24.723778, 46.7334527)"
التخصصي,11.952,11.1,64.6054054054054,-1.8666666666666667,Blue,2024-10-02T03:00:36.087706,"(24.7575596, 46.6895021)","(24.70444, 46.6237931)"
التخصصي,10.133,11.216666666666667,54.20326894502229,-0.9833333333333333,Blue,2024-10-02T03:00:36.158268,"(24.70444, 46.6237931)","(24.6460356, 46.635986)"
Al Abbas Al Rashidi St.,10.56,10.583333333333334,59.86771653543307,-1.35,Blue,2024-10-02T03:00:36.235852,"(24.6923553, 46.84949959999999)","(24.632121, 46.8075755)"
Al Abbas Al Rashidi St.,10.676,11.816666666666666,54.20818053596615,-0.8166666666666667,Blue,2024-10-02T03:00:36.312451,"(24.632121, 46.8075755)","(24.5901945, 46.7873646)"
Imam Malik Road,10.762,12.75,50.644705882352945,-1.8,Blue,2024-10-02T03:00:36.401729,"(24.8504746, 46.717642)","(24.8387167, 46.6422775)"
Imam Malik Road,10.953,7.316666666666666,89.81958997722096,-0.75,Blue,2024-10-02T03:00:36.479861,"(24.8387167, 46.6422775)","(24.7873741, 46.5671724)"
طريق الأمير سعد بن عبدالرحمن الأول,15.38,21.033333333333335,43.873217115689386,5.683333333333334,Orange,2024-10-02T03:00:36.552331,"(24.727747, 46.8699947)","(24.7173974, 46.7662467)"
طريق الأمير سعد بن عبدالرحمن الأول,5.948,5.916666666666667,60.31774647887324,-0.9333333333333333,Blue,2024-10-02T03:00:36.630150,"(24.7173974, 46.7662467)","(24.6790397, 46.7766463)"
Al Muhareb,11.769,11.966666666666667,59.00891364902507,-3.4166666666666665,Blue,2024-10-02T03:00:36.700146,"(24.6432381, 46.7284768)","(24.5853478, 46.7106843)"
Al Muhareb,8.708,9.1,57.41538461538462,-0.3,Blue,2024-10-02T03:00:36.772002,"(24.5853478, 46.7106843)","(24.5476694, 46.6484324)"
Othman Bin Affan Road,13.485,10.533333333333333,76.8132911392405,-0.7333333333333333,Blue,2024-10-02T03:00:36.853870,"(24.8541823, 46.7284922)","(24.7712434, 46.6712966)"
Othman Bin Affan Road,5.705,6.666666666666667,51.345,-1.0666666666666667,Blue,2024-10-02T03:00:36.932378,"(24.7712434, 46.6712966)","(24.7410192, 46.6707912)"
Al Nahdha road,10.89,10.583333333333334,61.738582677165354,-2.1333333333333333,Blue,2024-10-02T03:00:37.003709,"(24.7084279, 46.7865834)","(24.6365608, 46.8002853)"
Al Nahdha road,8.132,7.066666666666666,69.04528301886792,-1.1833333333333333,Blue,2024-10-02T03:00:37.074955,"(24.6365608, 46.8002853)","(24.6250042, 46.74273400000001)"
طريق العروبة,15.799,14.366666666666667,65.98190255220418,-2.4166666666666665,Blue,2024-10-02T03:00:37.145565,"(24.7435352, 46.7525945)","(24.70444, 46.6237931)"
طريق العروبة,2.665,3.433333333333333,46.57281553398059,-0.23333333333333334,Blue,2024-10-02T03:00:37.226011,"(24.70444, 46.6237931)","(24.6894848, 46.6294245)"
Irqah,16.999,20.25,50.3674074074074,-1.0166666666666666,Blue,2024-10-02T03:00:37.320149,"(24.7092533, 46.6160959)","(24.6643553, 46.48941989999999)"
الضوء,11.805,9.983333333333333,70.94824707846412,0.08333333333333333,Blue,2024-10-02T03:00:37.387173,"(24.8929013, 46.8431832)","(24.8839823, 46.8066945)"
الضوء,5.724,5.116666666666666,67.12182410423453,-0.13333333333333333,Blue,2024-10-02T03:00:37.457760,"(24.8839823, 46.8066945)","(24.8693908, 46.8040022)"
الدائري الثاني,14.018,13.466666666666667,62.45643564356436,-0.9,Blue,2024-10-02T03:00:37.533408,"(24.7609512, 46.8691728)","(24.662313, 46.8567589)"
الدائري الثاني,2.949,3.783333333333333,46.768281938325984,0.45,Yellow,2024-10-02T03:00:37.620986,"(24.662313, 46.8567589)","(24.6525801, 46.8461368)"
المعيزيلة,12.541,14.266666666666667,52.74252336448598,0.16666666666666666,Blue,2024-10-02T03:00:37.703668,"(24.8192265, 46.8603337)","(24.7577306, 46.8310673)"
المعيزيلة,3.376,4.783333333333333,42.34703832752613,-0.55,Blue,2024-10-02T03:00:37.779378,"(24.7577306, 46.8310673)","(24.7645772, 46.8148493)"
رقوان,10.866,13.166666666666666,49.51594936708861,-2.066666666666667,Blue,2024-10-02T03:00:37.848935,"(24.6273575, 46.61191650000001)","(24.5924335, 46.5453261)"
رقوان,4.435,8.4,31.678571428571423,-1.6833333333333333,Blue,2024-10-02T03:00:37.922145,"(24.5924335, 46.5453261)","(24.5761648, 46.5651915)"
Al Naqeel,11.868,10.5,67.81714285714287,-1.4,Blue,2024-10-02T03:00:37.999899,"(24.7610771, 46.65565100000001)","(24.7357661, 46.5894917)"
Al Naqeel,2.707,4.266666666666667,38.067187499999996,-0.43333333333333335,Blue,2024-10-02T03:00:38.070685,"(24.7357661, 46.5894917)","(24.7245598, 46.5905193)"
Yanbu,13.647,16.016666666666666,51.122996878251826,-0.9,Blue,2024-10-02T03:00:38.148291,"(24.649823, 46.5868484)","(24.59217, 46.50841390000001)"
الحيازين,12.124,16.683333333333334,43.602797202797206,-2.7666666666666666,Blue,2024-10-02T03:00:38.223758,"(24.768248, 46.779689)","(24.6909009, 46.7748545)"
عثمان الضبي,10.768,18.833333333333332,34.30513274336283,-0.7166666666666667,Blue,2024-10-02T03:00:38.320890,"(24.6710541, 46.7077782)","(24.6083471, 46.6666318)"
ممر قرطبة,11.921,11.566666666666666,61.83804034582133,-1.25,Blue,2024-10-02T03:00:38.407112,"(24.8375078, 46.7583126)","(24.7921872, 46.7123915)"
طريق الامير مساعد بن جلوي,10.489,10.183333333333334,61.800981996726684,-2.4833333333333334,Blue,2024-10-02T03:00:38.483093,"(24.7117035, 46.7194247)","(24.6478383, 46.6914704)"
المهندس مساعد العنقري,12.032,13.716666666666667,52.63086269744836,-2.2,Blue,2024-10-02T03:00:38.570369,"(24.7260147, 46.6878901)","(24.7055096, 46.6753812)"
Dhalam,10.326,11.566666666666666,53.564265129683,-0.8333333333333334,Blue,2024-10-02T03:00:38.645216,"(24.8319199, 46.6933066)","(24.8181882, 46.6670222)"
Al Jabour,8.517,15.516666666666667,32.93361976369495,-3.2,Blue,2024-10-02T03:00:38.730491,"(24.6443403, 46.7653899)","(24.6118611, 46.7158466)"
الملد,9.858,14.566666666666666,40.60503432494279,-0.8166666666666667,Blue,2024-10-02T03:00:38.808267,"(24.7980226, 46.58132759999999)","(24.754385, 46.5452765)"
سامطة,9.234,10.583333333333334,52.35023622047244,0.7166666666666667,Yellow,2024-10-02T03:00:38.882883,"(24.7545502, 46.8359161)","(24.7384414, 46.7997081)"
FAHHAD MOHAMMAD AL JFIRAN STREET,8.936,15.45,34.702912621359225,-0.5333333333333333,Blue,2024-10-02T03:00:38.954486,"(24.688903, 46.7639947)","(24.6853532, 46.7123488)"
Abi Hasain Al Hanbali,8.421,14.2,35.58169014084507,-1.2666666666666666,Blue,2024-10-02T03:00:39.027067,"(24.8021898, 46.66384100000001)","(24.7835076, 46.6237006)"
وادي الجناح,7.803,8.016666666666667,58.400831600831594,-0.2833333333333333,Blue,2024-10-02T03:00:39.105010,"(24.7058565, 46.6214901)","(24.7049319, 46.6187987)"
Prince Ahmed Bin Abdulaziz,7.899,10.466666666666667,45.28089171974522,-1.15,Blue,2024-10-02T03:00:39.187251,"(24.6444269, 46.64639349999999)","(24.6300965, 46.5908374)"
الشعيرة,8.003,9.7,49.50309278350516,-0.8666666666666667,Blue,2024-10-02T03:00:39.263464,"(24.7469056, 46.7478243)","(24.7443431, 46.71069019999999)"
Maan Bin Ows,5.405,6.416666666666667,50.540259740259735,-0.6166666666666667,Blue,2024-10-02T03:00:39.333657,"(24.6319775, 46.8013918)","(24.6365608, 46.8002853)"
محمد بن البشير ألازهري,6.434,8.783333333333333,43.95142314990513,-0.18333333333333332,Blue,2024-10-02T03:00:39.427275,"(24.6758702, 46.8405904)","(24.6676627, 46.8161734)"
الغاط,6.347,7.5,50.776,-1.1333333333333333,Blue,2024-10-02T03:00:39.513270,"(24.7815103, 46.7027378)","(24.7689342, 46.6778801)"
طريق تركي الأول بن عبدالعزيز آل سعود,13.27,13.966666666666667,57.0071599045346,-3.1,Blue,2024-10-02T03:00:39.602627,"(24.8472487, 46.6706332)","(24.7603145, 46.6359686)"
طريق تركي الأول بن عبدالعزيز آل سعود,13.879,9.033333333333333,92.18523985239852,-1.2166666666666666,Blue,2024-10-02T03:00:39.671748,"(24.7603145, 46.6359686)","(24.6714335, 46.5583746)"
شارع طريق الامام محمد بن سعود,14.987,13.616666666666667,66.03818849449205,-1.5,Blue,2024-10-02T03:00:39.746508,"(24.7895261, 46.75266)","(24.7317617, 46.62908849999999)"
الأشبيلي,10.797,17.183333333333334,37.70048496605237,2.9833333333333334,Orange,2024-10-02T03:00:39.816818,"(24.8092055, 46.8179269)","(24.7771389, 46.7679856)"
عائشة بنت أبي بكر,9.823,19.383333333333333,30.406534823731732,-1.2833333333333334,Blue,2024-10-02T03:00:39.918980,"(24.6177512, 46.6707142)","(24.5652591, 46.6319376)"
السفح,9.325,12.55,44.581673306772906,-3.283333333333333,Blue,2024-10-02T03:00:40.006793,"(24.6131073, 46.7204985)","(24.5742792, 46.6967593)"
محايدة,3.567,5.4,39.63333333333333,-0.6166666666666667,Blue,2024-10-02T03:00:40.080931,"(24.6583126, 46.58610669999999)","(24.651473, 46.5659243)"
ممر النظيم,28.965,30.783333333333335,56.455874390904164,-0.9333333333333333,Blue,2024-10-02T03:00:40.170676,"(24.9526915, 47.0585479)","(24.7888572, 46.8588979)"
ممر النظيم,2.556,6.4,23.9625,-0.85,Blue,2024-10-02T03:00:40.242970,"(24.7888572, 46.8588979)","(24.7724019, 46.8608874)"
Al Shaba'Niah,12.879,19.716666666666665,39.19222316145393,7.016666666666667,Red,2024-10-02T03:00:40.312748,"(24.8519534, 46.8058949)","(24.7924503, 46.7216817)"
Al Shaba'Niah,5.296,6.5,48.886153846153846,0.18333333333333332,Blue,2024-10-02T03:00:40.388876,"(24.7924503, 46.7216817)","(24.7658861, 46.7220544)"
Al Khozama,12.926,14.866666666666667,52.167713004484305,-1.1833333333333333,Blue,2024-10-02T03:00:40.470193,"(24.7363697, 46.6231491)","(24.6855349, 46.575724)"
Aka,10.843,14.75,44.107118644067796,-1.7,Blue,2024-10-02T03:00:40.538076,"(24.693558, 46.831367)","(24.6560904, 46.7588861)"
Al Sahel Valley,7.81,10.466666666666667,44.77070063694267,-0.55,Blue,2024-10-02T03:00:40.610531,"(24.8664589, 46.8155283)","(24.8304154, 46.7925476)"
وادي هجر,5.668,8.833333333333334,38.49962264150943,-1.8333333333333333,Blue,2024-10-02T03:00:40.688653,"(24.8182089, 46.61868219999999)","(24.8185449, 46.596474)"
عطية بن جنادة,6.815,12.083333333333334,33.84,-2.5,Blue,2024-10-02T03:00:40.765529,"(24.7606448, 46.7874162)","(24.7525848, 46.7476789)"
أحمد عبدالواحد,4.352,7.416666666666667,35.207191011235956,-0.7666666666666667,Blue,2024-10-02T03:00:40.846884,"(24.7130224, 46.7653653)","(24.7256391, 46.7556568)"
جاكارتا,5.861,10.55,33.33270142180095,-1.0833333333333333,Blue,2024-10-02T03:00:40.921831,"(24.7184942, 46.8569208)","(24.6899551, 46.85579629999999)"
Al Remal,11.712,12.05,58.31701244813278,0.1,Blue,2024-10-02T03:00:40.991333,"(24.9626418, 46.85121820000001)","(24.8839823, 46.8066945)"
Al Remal,11.393,13.783333333333333,49.59467956469166,-1.0333333333333334,Blue,2024-10-02T03:00:41.067038,"(24.8839823, 46.8066945)","(24.8256348, 46.75860249999999)"
الإمام أحمد بن حنبل,17.02,21.333333333333332,47.868750000000006,0.5166666666666667,Blue,2024-10-02T03:00:41.140614,"(24.7679218, 46.8907377)","(24.7173974, 46.7662467)"
الإمام أحمد بن حنبل,4.228,5.066666666666666,50.06842105263158,-0.4,Blue,2024-10-02T03:00:41.217787,"(24.7173974, 46.7662467)","(24.6996327, 46.7767652)"
الإمام أبي حنيفة,12.279,20.966666666666665,35.13863275039746,-0.11666666666666667,Blue,2024-10-02T03:00:41.294991,"(24.6353788, 46.6946786)","(24.5943562, 46.6036457)"
شارع الامير بندر بن عبد العزيز,10.452,16.616666666666667,37.740421263791376,5.083333333333333,Orange,2024-10-02T03:00:41.370615,"(24.7940234, 46.8506411)","(24.7328558, 46.7911175)"
شارع الامير بندر بن عبد العزيز,3.284,7.416666666666667,26.567191011235952,-1.0166666666666666,Blue,2024-10-02T03:00:41.441192,"(24.7328558, 46.7911175)","(24.7455472, 46.771626)"
Al Ward,10.618,13.883333333333333,45.88811524609844,-1.5166666666666666,Blue,2024-10-02T03:00:41.530402,"(24.6771063, 46.5904098)","(24.6359363, 46.5417608)"
Discovery Blvd,9.745,11.35,51.51541850220264,-1.4833333333333334,Blue,2024-10-02T03:00:41.598719,"(24.7661004, 46.639909)","(24.7579988, 46.6366695)"
طريق عمر بن الخطاب,9.69,17.05,34.09970674486803,-0.6333333333333333,Blue,2024-10-02T03:00:41.678029,"(24.6698093, 46.7867024)","(24.6435462, 46.71465269999999)"
التنهاة,7.553,10.733333333333333,42.221739130434784,-0.9166666666666666,Blue,2024-10-02T03:00:41.746573,"(24.7573192, 46.5980154)","(24.7283066, 46.5971677)"
راجية,9.083,13.083333333333334,41.65452229299363,-1.5333333333333334,Blue,2024-10-02T03:00:41.826044,"(24.8216844, 46.7729247)","(24.8029157, 46.7628879)"
شارع ابن شداد,7.731,10.233333333333333,45.32833876221498,-1.5,Blue,2024-10-02T03:00:41.904973,"(24.6661187, 46.7311369)","(24.6537959, 46.676807)"
Abi Safwon,6.125,8.266666666666667,44.45564516129031,0.38333333333333336,Blue,2024-10-02T03:00:41.985816,"(24.9122424, 46.8107955)","(24.9048753, 46.7941568)"
حسين بن سعيد المنوفي,4.491,6.1,44.17377049180328,-0.9666666666666667,Blue,2024-10-02T03:00:42.067758,"(24.6674637, 46.76331219999999)","(24.6644463, 46.7563454)"
Umm Al Hamam,6.424,11.566666666666666,33.32334293948127,-2.033333333333333,Blue,2024-10-02T03:00:42.144337,"(24.7122956, 46.6657839)","(24.6701422, 46.64889429999999)"
الشموس,6.021,11.183333333333334,32.303427719821165,-2.033333333333333,Blue,2024-10-02T03:00:42.222788,"(24.718997, 46.8222716)","(24.7049765, 46.7764039)"
الطريق الدائري الجنوبي الفرعي,13.537,9.983333333333333,81.35759599332222,-3.0166666666666666,Blue,2024-10-02T03:00:42.293565,"(24.6420456, 46.8205982)","(24.5853478, 46.7106843)"
الطريق الدائري الجنوبي الفرعي,12.653,18.966666666666665,40.027065026362045,-0.6,Blue,2024-10-02T03:00:42.392860,"(24.5853478, 46.7106843)","(24.5426611, 46.6270981)"
الطريق الدائري الجنوبي الفرعي,0.686,2.283333333333333,18.02627737226278,-0.016666666666666666,Blue,2024-10-02T03:00:42.472932,"(24.5426611, 46.6270981)","(24.5463166, 46.6226225)"
طريق الامام  سعود بن فيصل,13.138,12.883333333333333,61.18602846054334,-1.9833333333333334,Blue,2024-10-02T03:00:42.570404,"(24.8155743, 46.6608534)","(24.796827, 46.5643251)"
طريق الامام  سعود بن فيصل,3.703,3.183333333333333,69.79476439790577,-0.2,Blue,2024-10-02T03:00:42.641804,"(24.796827, 46.5643251)","(24.7725523, 46.56553299999999)"
King Saud,12.712,14.9,51.18926174496644,-1.8,Blue,2024-10-02T03:00:42.721476,"(24.6931853, 46.7191033)","(24.6441545, 46.6448197)"
الملك عبدالله,11.148,12.7,52.66771653543307,-0.7166666666666667,Blue,2024-10-02T03:00:42.808773,"(24.7599641, 46.7617854)","(24.7003512, 46.7228833)"
الجبل الأبيض,10.966,11.716666666666667,56.15590327169274,-0.8833333333333333,Blue,2024-10-02T03:00:42.889539,"(24.7986638, 46.651131)","(24.7333613, 46.61165450000001)"
AL Hadad,10.306,11.566666666666666,53.46051873198847,-1.6,Blue,2024-10-02T03:00:42.964642,"(24.6927651, 46.7943949)","(24.6395493, 46.7947988)"
الحنكة,10.416,10.483333333333333,59.61462639109699,-1.0833333333333333,Blue,2024-10-02T03:00:43.049097,"(24.7862046, 46.7233369)","(24.731336, 46.6876334)"
القادسية,11.071,16.55,40.13655589123867,2.4833333333333334,Yellow,2024-10-02T03:00:43.123436,"(24.8395941, 46.8501779)","(24.8004677, 46.7999237)"
شارع الوقار,10.197,14.6,41.90547945205479,0.38333333333333336,Blue,2024-10-02T03:00:43.205461,"(24.7856671, 46.7619383)","(24.7556668, 46.7093702)"
Al Ghareeb,10.541,15.966666666666667,39.61127348643006,-2.8333333333333335,Blue,2024-10-02T03:00:43.298353,"(24.7235126, 46.7900656)","(24.6781918, 46.7491328)"
Tariq Bin Shabab,10.273,13.216666666666667,46.63656998738966,-1.5166666666666666,Blue,2024-10-02T03:00:43.370765,"(24.622591, 46.7670683)","(24.5786224, 46.7431343)"
الياسمين,9.504,13.166666666666666,43.309367088607594,-2.066666666666667,Blue,2024-10-02T03:00:43.443770,"(24.8427759, 46.6700824)","(24.8005994, 46.61459989999999)"
Al Falah,8.94,12.266666666666667,43.72826086956521,-0.43333333333333335,Blue,2024-10-02T03:00:43.515299,"(24.8092115, 46.7223044)","(24.7850233, 46.6956247)"
وادي درعة,8.462,14.433333333333334,35.17690531177829,-0.85,Blue,2024-10-02T03:00:43.593562,"(24.662828, 46.8265171)","(24.6354831, 46.7687661)"
حلبان,8.126,12.8,38.090624999999996,-1.2166666666666666,Blue,2024-10-02T03:00:43.684364,"(24.8036562, 46.78293619999999)","(24.7740269, 46.7376083)"
Sabta,7.146,7.583333333333333,56.53978021978022,-0.7333333333333333,Blue,2024-10-02T03:00:43.758081,"(24.7648682, 46.6698285)","(24.7234426, 46.6544716)"
Al Rafaih,7.562,12.933333333333334,35.08144329896907,-0.6166666666666667,Blue,2024-10-02T03:00:43.828537,"(24.6504677, 46.6764176)","(24.6265686, 46.6444919)"
ممر الجوابرة,7.179,11.45,37.61921397379913,-1.3166666666666667,Blue,2024-10-02T03:00:43.909900,"(24.7358603, 46.6683299)","(24.7033843, 46.6339255)"
الباطن,15.683,17.766666666666666,52.963227016885554,-0.26666666666666666,Blue,2024-10-02T03:00:43.991746,"(24.7629735, 46.8026235)","(24.6705, 46.7815592)"
الباطن,6.993,8.783333333333333,47.77001897533208,-0.21666666666666667,Blue,2024-10-02T03:00:44.090635,"(24.6705, 46.7815592)","(24.6439747, 46.7303048)"
