road_name,Start_point,End_point,delay_min,speed_kmh,duration_in_traffic_min,distance_km,traffic_condition
3rd Roundabout,"(24.6652373, 46.7968369)","(24.6631823, 46.7870053)",0.02037037037037037,48.38436506508694,7.570370370370371,6.094,Blue
AL Hadad,"(24.6927368, 46.7944167)","(24.6437154, 46.7883665)",-0.8870370370370371,43.45208294245444,15.81851851851852,11.437333333333335,Blue
Abdulaziz Al Fereh,"(24.6746147, 46.73819719999999)","(24.586689, 46.6373493)",0.9592592592592593,33.720841083059504,36.285185185185185,19.598888888888887,Blue
Abdullah Bin Omar,"(24.750219, 46.8446611)","(24.7078712, 46.815598)",-0.7055555555555555,38.38033217264896,20.425925925925924,13.084222222222222,Blue
Abi Hasain Al Hanbali,"(24.8022123, 46.6638953)","(24.7837499, 46.6243831)",0.0962962962962962,34.61496664545772,15.61296296296296,8.824,Blue
Abi Safwon,"(24.9122469, 46.8107557)","(24.903784, 46.7938116)",-0.22222222222222218,55.73999510290213,8.227777777777778,7.642999999999999,Blue
Abi Taher Ibn Al Salam,"(24.722725, 46.8276552)","(24.692795, 46.7947917)",-1.164814814814815,28.807035638597654,13.222222222222221,6.3068888888888885,Blue
Abu Thabit,"(24.7534692, 46.8495065)","(24.7095964, 46.815598)",0.09444444444444446,47.16827310358761,18.86111111111111,14.762,Blue
Airport Road,"(24.9974697, 46.7381783)","(24.7791458, 46.6512239)",0.7296296296296296,51.723657685315025,42.512962962962966,36.60044444444444,Blue
Aka,"(24.6936072, 46.8313384)","(24.6565883, 46.75510370000001)",-1.0277777777777777,39.23085680449181,18.57962962962963,12.038222222222224,Blue
Al Abbas Al Rashidi St.,"(24.6923431, 46.8495065)","(24.5915754, 46.7865516)",2.285185185185185,45.68847496896984,30.085185185185182,22.512999999999998,Blue
Al Ammar,"(24.7286847, 46.6826067)","(24.6936181, 46.6457942)",0.2592592592592593,27.170786155556783,15.609259259259261,6.955444444444445,Blue
Al Anbari,"(24.7330062, 46.7599405)","(24.6821831, 46.74875600000001)",0.19814814814814813,36.42912166239928,13.883333333333333,8.363444444444445,Blue
Al Ataya,"(24.7536362, 46.7623591)","(24.7333674, 46.7088747)",0.3333333333333333,38.2968539016245,11.705555555555556,7.233999999999999,Blue
Al Basham St.,"(24.7493703, 46.8243757)","(24.6834516, 46.7679526)",1.6703703703703703,43.84549847690386,19.312962962962963,13.813555555555556,Yellow
Al Falah,"(24.8091397, 46.7223406)","(24.785114, 46.6960814)",0.3777777777777777,39.932281599552816,14.074074074074073,9.19988888888889,Blue
Al Farish,"(24.7891692, 46.7170297)","(24.7480719, 46.6687234)",0.7537037037037037,48.146818779570225,14.268518518518517,11.343444444444444,Blue
Al Farzdaq Street,"(24.6870478, 46.7430136)","(24.6048722, 46.7188421)",0.7500000000000001,32.110282881297245,31.16296296296296,16.02311111111111,Blue
Al Ghadir,"(24.7862846, 46.6684286)","(24.7610666, 46.640876)",-0.27222222222222225,36.17299748840284,14.511111111111111,8.693,Blue
Al Ghareeb,"(24.7235842, 46.7901815)","(24.6767355, 46.7497383)",0.24259259259259258,37.551905155370505,17.187037037037037,10.70711111111111,Blue
Al Ghazaleh Path,"(24.6578442, 46.7031368)","(24.6255367, 46.6812483)",0.7722222222222223,38.371870990161064,10.905555555555555,6.741777777777777,Blue
Al Hamla,"(24.7913163, 46.77653309999999)","(24.7598942, 46.730632)",-0.29259259259259257,41.170450532090356,13.905555555555557,9.447666666666667,Blue
Al Hareth,"(24.8013768, 46.7484915)","(24.742101, 46.7052507)",2.1944444444444446,35.90033304939437,19.755555555555553,11.4,Blue
Al Jabour,"(24.6440511, 46.7655337)","(24.6101493, 46.7170297)",2.1166666666666667,28.887655895369917,22.983333333333334,10.51677777777778,Blue
Al Janadriyah,"(24.9445838, 46.9975312)","(24.7875365, 46.84589709999999)",-0.07407407407407401,73.28867786183883,33.144444444444446,40.178333333333335,Blue
Al Jazeera Al Khuzra,"(24.6860722, 46.8153462)","(24.6433178, 46.7776658)",-1.112962962962963,41.17517876617545,15.27037037037037,10.444,Blue
Al Khozama,"(24.7363514, 46.6231959)","(24.691285, 46.5685328)",-0.2611111111111111,45.73037345709328,18.727777777777774,14.24311111111111,Blue
Al Masrouh,"(24.6219828, 46.7653843)","(24.5942887, 46.7283912)",-0.8574074074074075,33.36442570418651,16.022222222222222,8.745777777777779,Blue
Al Massaif,"(24.7775434, 46.6947278)","(24.7535293, 46.6684286)",-0.6685185185185185,39.38879078072024,12.064814814814815,7.909,Blue
Al Muhareb,"(24.6431497, 46.7285093)","(24.5460354, 46.6476041)",4.368518518518519,42.33988295766395,31.077777777777776,20.857333333333333,Blue
Al Nadwah,"(24.8278719, 46.9278255)","(24.7727852, 46.8616075)",-0.3796296296296296,28.808576899901198,27.833333333333332,13.346666666666666,Blue
Al Nahdha road,"(24.7084691, 46.7865516)","(24.6251442, 46.7430136)",1.3888888888888888,49.14020353256055,23.538888888888888,18.72088888888889,Blue
Al Naqeel,"(24.7610666, 46.65562389999999)","(24.7238296, 46.5904416)",0.5796296296296297,49.73264062723705,18.416666666666668,15.052444444444445,Blue
Al Olaya,"(24.7165527, 46.7035117)","(24.6682398, 46.66354519999999)",1.9129629629629632,40.25793125511469,20.561111111111114,12.848666666666666,Blue
Al Rabeah Aljarmi,"(24.7391318, 46.7587313)","(24.6933374, 46.7555571)",0.3981481481481481,39.10797719716944,14.031481481481482,9.080333333333334,Blue
Al Raed,"(24.7205795, 46.6541829)","(24.694263, 46.62321)",0.8999999999999999,36.45239610979753,13.814814814814817,8.234111111111112,Blue
Al Rafaih,"(24.6504946, 46.6769391)","(24.6252127, 46.6438333)",-0.1777777777777778,31.747570596421227,13.983333333333334,7.374555555555555,Blue
Al Rakb,"(24.7092213, 46.81680859999999)","(24.6843684, 46.7703716)",-0.20000000000000004,35.652640584400004,14.948148148148148,8.828333333333333,Blue
Al Rawdh,"(24.7532343, 46.7870871)","(24.7145113, 46.7488715)",0.5277777777777778,39.7583421518245,14.588888888888887,9.401444444444444,Yellow
Al Remal,"(24.9623711, 46.8511917)","(24.8228584, 46.75764179999999)",-0.4870370370370371,52.73536449855272,26.829629629629625,23.556,Blue
Al Rumh,"(24.7587914, 46.6898516)","(24.7200682, 46.67294829999999)",0.30185185185185187,34.36610190796378,13.901851851851852,7.878,Blue
Al Sahel Valley,"(24.866488, 46.815598)","(24.8287479, 46.7938116)",-0.6203703703703703,44.90634426607734,10.762962962962963,8.035,Blue
Al Sanya al Baida,"(24.7310537, 46.84344979999999)","(24.6808089, 46.7578244)",0.6685185185185185,36.20168254505833,23.71851851851852,14.228999999999997,Yellow
Al Shaba'Niah,"(24.8519613, 46.805914)","(24.7657102, 46.7212587)",1.9296296296296296,51.07858049842747,22.4037037037037,18.82766666666667,Blue
Al Thoumamah Rd,"(24.9378398, 46.815598)","(24.7479639, 46.6319212)",1.3018518518518516,56.961843358361016,36.351851851851855,34.069,Blue
Al Thuraya,"(24.7651064, 46.75570829999999)","(24.7388652, 46.7233733)",-0.15370370370370368,37.12099351103113,11.442592592592593,7.026555555555556,Blue
Al Ward,"(24.6770813, 46.5903299)","(24.6277137, 46.54394749999999)",1.8703703703703707,36.394292756772224,20.43333333333333,11.981333333333334,Blue
Al-Fajar,"(24.8180188, 46.6660075)","(24.8126, 46.6558999)",1.174074074074074,46.87908029333163,9.824074074074073,7.569999999999999,Yellow
Ariha,"(24.7064561, 46.77233709999999)","(24.6560661, 46.7309264)",-0.20185185185185184,31.64663308225143,20.31851851851852,10.568222222222223,Blue
As Salah,"(24.8258293, 46.9101143)","(24.7908938, 46.8919243)",-0.3648148148148148,26.77677753668516,17.368518518518517,7.748,Blue
Atia,"(24.7736461, 46.7222027)","(24.7524547, 46.6826067)",0.7518518518518519,44.054292369022846,8.368518518518519,6.009,Yellow
Conference Blvd,"(24.7609007, 46.6422125)","(24.7582481, 46.6373493)",0.3574074074074074,42.39863601385126,12.11111111111111,8.382777777777779,Blue
Dammam Road,"(24.9568714, 47.0291162)","(24.7886798, 46.7188421)",0.6666666666666667,71.8546508375311,39.599999999999994,47.042,Blue
Dhalam,"(24.8320047, 46.6934745)","(24.8206771, 46.66932689999999)",-0.35185185185185186,48.47223067783908,13.364814814814814,10.78,Blue
Discovery Blvd,"(24.7659472, 46.6391588)","(24.7607916, 46.636143)",0.41481481481481486,45.29918170639825,13.433333333333334,9.94688888888889,Blue
East Ring Road,"(24.7921447, 46.805914)","(24.6224894, 46.7188421)",4.972222222222222,46.09711954021678,48.029629629629625,35.51266666666666,Blue
FAHHAD MOHAMMAD AL JFIRAN STREET,"(24.68896, 46.76417319999999)","(24.6840036, 46.7132541)",1.1444444444444444,30.055651237868485,18.549999999999997,8.912666666666667,Blue
Farsan,"(24.8359023, 46.6910592)","(24.8311855, 46.6812483)",-0.26481481481481484,54.506059692829886,7.825925925925926,7.135666666666667,Blue
Ibraheem Bin Abdulsalam,"(24.6593747, 46.7057037)","(24.5973701, 46.6523551)",-0.07407407407407408,33.617233539145964,21.609259259259257,11.994444444444445,Blue
Imam Malik Road,"(24.8506483, 46.7188421)","(24.7825477, 46.56863670000001)",2.42037037037037,52.242416157799155,25.887037037037036,22.275,Yellow
Irqah,"(24.7093091, 46.6160267)","(24.6686628, 46.4822893)",-0.187037037037037,49.04228030158821,21.964814814814815,17.909444444444446,Blue
Ismail Al Andulus,"(24.7568426, 46.8027447)","(24.7302837, 46.7745554)",-0.24814814814814815,38.52673362417473,10.501851851851852,6.719,Blue
Jeddah Road,"(24.6942703, 46.64157160000001)","(24.5263166, 46.4387046)",2.3444444444444446,75.9205436919463,42.62777777777777,52.827,Blue
Jzr Al Khaleej,"(24.7968653, 46.8295247)","(24.7568426, 46.77653309999999)",-0.25370370370370376,28.05245545354598,21.146296296296295,9.848,Blue
Khurais Road,"(24.946473, 46.9999471)","(24.7106093, 46.7623591)",3.5037037037037035,70.07045900293325,35.63703703703704,41.159,Blue
King Abdul Aziz Road,"(24.9996923, 46.7285093)","(24.6422095, 46.5499681)",1.7740740740740741,60.83082942889647,57.20185185185184,57.52033333333333,Blue
King Abdulaziz,"(24.7427455, 46.7450497)","(24.6935528, 46.6929946)",2.5240740740740737,36.141567363004555,20.04444444444444,11.747555555555556,Yellow
King Abdullah Road,"(24.801193, 46.8204406)","(24.6968763, 46.6222727)",4.188888888888889,57.523082964572836,27.737037037037037,25.496111111111112,Blue
King Salman Road,"(24.97692050000003, 46.7237318)","(24.79621499999998, 46.5574488)",0.9500000000000001,68.24249550107663,37.166666666666664,42.181,Blue
King Saud,"(24.6933354, 46.7188421)","(24.638759, 46.6457942)",3.140740740740741,40.429872750545414,21.225925925925925,13.379333333333333,Blue
Laban Valley,"(24.6575726, 46.6508675)","(24.6016845, 46.563363)",2.977777777777778,51.00155639741923,26.451851851851853,21.29111111111111,Blue
Maan Bin Ows,"(24.6320336, 46.8010727)","(24.6273961, 46.7913915)",1.5166666666666666,45.83470176297665,9.983333333333333,7.165,Blue
Makkah al-Mukarramah Road,"(24.7201491, 46.7671967)","(24.6656897, 46.6367462)",3.8925925925925924,48.50636049993369,22.805555555555557,16.69722222222222,Blue
Masafi,"(24.8249208, 46.7484538)","(24.7987016, 46.7084972)",0.05,39.29805491751164,10.959259259259259,7.170111111111112,Blue
Mohamed Ibn Hamd Ibn Faris,"(24.6679326, 46.7478493)","(24.6359973, 46.7285093)",2.4555555555555557,26.466431682845098,15.922222222222224,6.54,Blue
Mohammed Ali Jinnah,"(24.8148754, 46.7986522)","(24.7545582, 46.6995133)",0.7648148148148148,47.60701562261304,23.087037037037035,17.842111111111112,Blue
No.2,"(24.8184527, 46.6657058)","(24.8152541, 46.6584643)",0.7648148148148147,48.81420852370394,8.357407407407408,6.642222222222222,Blue
No.509,"(24.9625832, 46.7285093)","(24.699414, 46.574058)",1.4037037037037037,69.77920510444025,41.55555555555556,48.18366666666667,Blue
Northern Ring Road,"(24.9560346, 47.01452949999999)","(24.7258755, 46.5830947)",2.8018518518518523,77.95462754414821,43.08518518518518,55.002,Blue
Olaya Road,"(24.8302126, 46.6995133)","(24.6639052, 46.612626)",2.6888888888888887,60.91428326379461,38.455555555555556,38.197,Blue
Omar Al Hajeb,"(24.7854632, 46.8028881)","(24.760707, 46.7590336)",0.3722222222222222,32.05679619882858,11.988888888888889,6.338,Blue
Othman Bin Affan Road,"(24.8540833, 46.7285093)","(24.7410088, 46.670534)",4.216666666666667,52.65695483277321,22.93148148148148,19.088444444444445,Blue
Prince Ahmed Bin Abdulaziz,"(24.644358, 46.6463975)","(24.6263283, 46.5861072)",-0.5944444444444444,41.0418622456954,11.855555555555556,8.106,Blue
Prince Sultan Bin Abdul Aziz,"(24.78070620000002, 46.5690375)","(24.74708999999998, 46.528985)",-0.11296296296296296,41.918090068661286,11.753703703703703,8.204,Blue
Qaha,"(24.8094773, 46.7508718)","(24.7984307, 46.712499)",0.5648148148148148,45.988343070593096,9.518518518518519,7.059333333333333,Blue
Raghdan,"(24.6722289, 46.7345617)","(24.6388126, 46.7019289)",1.4574074074074073,24.443690485518314,17.220370370370368,6.514666666666667,Blue
Sabta,"(24.76491, 46.6699305)","(24.7191642, 46.6578609)",1.8037037037037038,41.479845116405,11.653703703703703,7.751777777777777,Blue
Saeed Bin Amer,"(24.7272521, 46.7727151)","(24.6793498, 46.7581267)",0.12222222222222218,37.097076993299005,14.355555555555554,8.81788888888889,Blue
Second Ring Road,"(24.7607903, 46.8688931)","(24.6605258, 46.8446611)",-0.22407407407407418,53.01148588466979,17.19259259259259,15.103999999999997,Blue
Shab uldin Al taj,"(24.78133100000002, 46.6595165)","(24.73717459999997, 46.5755256)",0.8185185185185185,55.24387950647989,13.870370370370372,12.464555555555556,Blue
Shaheed Al Din Thum Al Watan Talal Abdulrahman Mohammed Al Maneh,"(24.7338302, 46.5931876)","(24.730017, 46.5900239)",-0.17592592592592593,55.21864728058988,8.807407407407407,8.069,Blue
Soukh Thi Al Mjaz,"(24.6817475, 46.7546277)","(24.6475414, 46.716127)",0.7388888888888886,29.46004381081992,18.022222222222222,8.525,Blue
Taiba,"(24.6511266, 46.5692391)","(24.6237563, 46.549366)",-1.0425925925925927,30.168307065612428,14.687037037037037,7.401777777777777,Blue
Tareq Bin Zaid Road,"(24.7469689, 46.8410273)","(24.706146, 46.8107557)",-0.46111111111111114,23.777129812114307,19.016666666666666,7.490333333333333,Blue
Tariq Bin Shabab,"(24.6226251, 46.7671967)","(24.5785679, 46.7430136)",1.3129629629629629,39.13742119240823,16.012962962962963,10.274,Blue
Umm Al Hamam,"(24.7124471, 46.6657058)","(24.6705468, 46.6488106)",-0.374074074074074,32.124573162298105,13.920370370370371,7.315000000000001,Blue
Western Ring Rd,"(24.7397288, 46.6463975)","(24.5539963, 46.5547852)",3.8722222222222222,59.425005152551684,37.15740740740741,34.843444444444444,Blue
Yalamlam,"(24.7968728, 46.8017535)","(24.7544746, 46.7894252)",0.33148148148148143,30.48378667369698,16.75,8.390888888888888,Blue
Yanbu,"(24.6492832, 46.5861072)","(24.5956169, 46.5018235)",2.783333333333333,39.42538983243707,23.055555555555557,14.61111111111111,Blue
أبو عبيدة عامر بن الجراح,"(24.6956725, 46.8591989)","(24.6619895, 46.7841318)",-1.0518518518518518,39.31480204920635,22.498148148148147,14.705,Blue
أبي العتاهية,"(24.737833, 46.8325494)","(24.7014787, 46.7792927)",0.07037037037037036,23.382039521162817,20.020370370370372,7.742,Blue
أبي الفتوح بن أبي الفوارس,"(24.7233106, 46.82316489999999)","(24.6967577, 46.7762684)",-1.2277777777777779,27.47090560854804,15.372222222222222,7.002,Blue
أبي عبيدة بن مسعود,"(24.7435132, 46.8325494)","(24.7020341, 46.8010727)",0.41851851851851857,25.30582663389653,17.201851851851853,7.176999999999999,Blue
أبي نصر الفارابي,"(24.6557667, 46.8913181)","(24.6429911, 46.8834379)",-2.2296296296296294,52.48402778960485,29.5037037037037,25.793444444444443,Blue
أحمد الموفق,"(24.6309504, 46.7043448)","(24.5838406, 46.6958899)",0.35185185185185186,43.89403975291636,10.918518518518518,7.88,Yellow
أحمد عبدالواحد,"(24.7132022, 46.7652314)","(24.7113442, 46.7638708)",0.8907407407407408,35.85440980272185,10.64074074074074,6.15,Blue
أسد السنة,"(24.6580379, 46.7768732)","(24.6289546, 46.7623591)",-0.3962962962962963,37.33412381240068,14.816666666666666,9.057777777777778,Blue
أم الزهر,"(24.7438936, 46.6958899)","(24.6915966, 46.6678181)",2.0944444444444446,38.049909909153385,15.427777777777777,9.448,Blue
إبراهيم آل الشيخ,"(24.8351449, 46.6922669)","(24.8296699, 46.6819982)",-0.3462962962962963,53.70871961656155,7.762962962962963,6.9494444444444445,Blue
إسماعيل البغدادي,"(24.7589695, 46.8053088)","(24.7281493, 46.7811073)",-0.8481481481481481,34.07610287242167,10.618518518518519,6.003,Blue
ابن كعب,"(24.7553853, 46.7635685)","(24.7181537, 46.7590336)",0.17407407407407402,33.301092800856665,11.625925925925925,6.382444444444444,Blue
الأسود بن هلال,"(24.76340690000002, 46.6271734)","(24.74446739999997, 46.582252)",0.42962962962962964,43.86918944556209,11.346296296296295,8.133,Blue
الأشبيلي,"(24.8093433, 46.8181123)","(24.776426, 46.7663688)",-0.38333333333333336,43.771714107190945,14.833333333333334,10.785,Blue
الأشقر,"(24.9081998, 46.9537969)","(24.8813536, 46.9283108)",0.012962962962962957,43.09997248898829,10.362962962962962,7.440999999999999,Blue
الأمير سعود بن عبدالله بن جلوي,"(24.8687954, 46.6632918)","(24.840795, 46.6053922)",-0.6907407407407408,56.98680981018708,15.207407407407409,14.437444444444445,Blue
الأمير فيصل بن عبدالعزيز بن سعود,"(24.6151277, 46.7067607)","(24.6092966, 46.6898516)",2.4074074074074074,30.829781265428526,13.081481481481482,6.523555555555556,Orange
الأوزاعي,"(24.7533144, 46.80894)","(24.7153136, 46.7716568)",1.0407407407407407,36.29991241723922,11.809259259259258,6.928222222222222,Yellow
الإسكندراني,"(24.7129533, 46.7762684)","(24.6739252, 46.7448269)",1.0499999999999998,31.30595426780675,15.305555555555555,7.830555555555555,Blue
الإمام أبي حنيفة,"(24.6353085, 46.6946822)","(24.5899618, 46.60298119999999)",-0.5611111111111111,36.85660891210499,23.12222222222222,14.015888888888888,Blue
الإمام أحمد بن حنبل,"(24.768106, 46.8907119)","(24.6997523, 46.7768732)",0.32222222222222224,51.13938139247035,24.855555555555554,21.084333333333333,Blue
الامام الشافعي,"(24.7318305, 46.815598)","(24.6784302, 46.7817122)",0.35185185185185186,34.64414116226678,19.65185185185185,11.294,Blue
الباطن,"(24.7631338, 46.8028881)","(24.642655, 46.7315306)",3.7648148148148146,45.77430421502674,30.759259259259256,22.581222222222223,Blue
البستان,"(24.7031341, 46.66630929999999)","(24.6959039, 46.6135303)",0.9592592592592594,44.98585057954961,12.99074074074074,9.310777777777778,Blue
البشائر,"(24.7139597, 46.8227108)","(24.6825958, 46.790484)",-0.5425925925925926,34.81853024100806,13.242592592592594,7.621333333333333,Blue
البيت العتيق,"(24.8112938, 46.7445247)","(24.7994054, 46.7188421)",0.9148148148148147,38.11242548237697,12.018518518518519,7.551777777777777,Yellow
التخصصي,"(24.7577072, 46.6898516)","(24.6509204, 46.6367462)",2.011111111111111,47.90630444628687,29.14074074074074,22.838555555555555,Blue
التعاون,"(24.785114, 46.7126813)","(24.7611094, 46.6864381)",-0.337037037037037,39.81788138728413,10.12037037037037,6.707111111111112,Blue
التنهاة,"(24.7570374, 46.5981595)","(24.7397288, 46.58851749999999)",0.137037037037037,44.843418770449155,12.37037037037037,9.115,Blue
الجبل الأبيض,"(24.7987395, 46.6509222)","(24.7389743, 46.6023784)",-0.5925925925925926,46.81011455120668,16.266666666666666,12.612666666666666,Blue
الحجل,"(24.7887347, 46.6807956)","(24.7847265, 46.6727974)",1.3611111111111112,40.98135013713356,9.838888888888889,6.4943333333333335,Orange
الحدبه,"(24.6195884, 46.7282071)","(24.5895889, 46.7234866)",2.3314814814814815,27.427084768386493,15.975925925925926,6.976000000000001,Blue
الحميمة,"(24.6196381, 46.7297178)","(24.5983228, 46.6952861)",1.5759259259259262,24.02371383480538,21.835185185185182,8.459111111111111,Blue
الحنكة,"(24.7861326, 46.7233733)","(24.7270423, 46.6850215)",1.175925925925926,46.319625005573464,15.083333333333334,11.405777777777779,Blue
الحيازين,"(24.7685712, 46.7794439)","(24.6891896, 46.77233709999999)",0.7870370370370371,36.65187745407534,22.479629629629628,13.53,Blue
الخزان,"(24.6410953, 46.7260923)","(24.6339923, 46.6880403)",0.7425925925925925,28.542371226306418,16.774074074074075,7.642666666666666,Blue
الخزرج,"(24.7851293, 46.6850215)","(24.7573837, 46.6596712)",0.6537037037037038,37.65606677714635,11.62037037037037,7.174,Blue
الخضر النيسابوري,"(24.7628082, 46.7662896)","(24.7368424, 46.7121969)",-0.29444444444444445,34.35893872385136,16.024074074074075,9.109777777777778,Blue
الخيم,"(24.6615875, 46.6578609)","(24.6092857, 46.5951461)",-0.6907407407407408,38.99255973658216,22.953703703703702,14.670111111111112,Blue
الدائري الثاني,"(24.7607903, 46.8688931)","(24.655751, 46.8446611)",-0.33888888888888885,57.743852548432564,18.12777777777778,17.349,Blue
الربيع - اليرموك,"(24.8246022, 46.80901840000001)","(24.7913163, 46.7581815)",0.07407407407407408,29.92356583467674,20.253703703703703,10.084333333333333,Blue
الرسان,"(24.7279212, 46.7947917)","(24.6946911, 46.7618374)",0.007407407407407394,42.80236137568845,14.31851851851852,10.179777777777778,Blue
السعادات,"(24.7175308, 46.8558487)","(24.6776424, 46.8168152)",0.3351851851851852,36.16637750720251,15.868518518518519,9.484,Blue
السفح,"(24.6130618, 46.720428)","(24.5733974, 46.6964938)",0.49814814814814806,32.79380757297474,16.714814814814815,8.946222222222223,Blue
السماحة,"(24.6255002, 46.6893988)","(24.5726548, 46.6453418)",-0.8925925925925926,38.13785429850727,20.188888888888886,12.463555555555555,Blue
الشبارقة,"(24.7619765, 46.8342524)","(24.7252447, 46.7944167)",-0.3055555555555556,49.16619416038397,9.418518518518518,7.657777777777778,Blue
الشرق,"(24.9968329, 47.0206171)","(24.8395321, 46.8220266)",-0.4722222222222223,76.59053132180772,25.327777777777776,32.181,Blue
الشعيرة,"(24.7468638, 46.7478493)","(24.7443783, 46.7114419)",0.31851851851851853,41.980948899070036,11.70185185185185,8.046777777777777,Blue
الشموس,"(24.7190346, 46.8223324)","(24.7058256, 46.7774781)",-0.7518518518518519,27.819569001119234,13.348148148148148,6.164,Blue
الشيخ جابر الأحمد الصباح,"(24.8400346, 46.83012739999999)","(24.7790607, 46.7865516)",1.596296296296296,43.24570168336848,18.392592592592592,13.076666666666666,Blue
الشيخ حسن بن حسين بن علي,"(24.8467573, 46.7865516)","(24.7617666, 46.7381783)",1.9518518518518517,48.60502231767882,20.264814814814812,16.183888888888887,Blue
الشيخ عبدالله المخضوب,"(24.7995141, 46.7094787)","(24.7878151, 46.6897762)",0.25925925925925924,39.98847092716491,11.051851851851854,7.320222222222223,Blue
الشيخ محمد بن عبدالوهاب,"(24.78522760000002, 46.5545655)","(24.75757079999997, 46.5283655)",-0.19074074074074077,43.57791996390301,11.642592592592592,8.452,Blue
الصناعية,"(24.6541091, 46.7619944)","(24.630205, 46.7308212)",1.6685185185185185,28.495820362108855,14.896296296296295,6.5024444444444445,Blue
الضحى,"(24.7706736, 46.7019289)","(24.7356204, 46.6637445)",0.35370370370370374,35.057907006806154,14.86111111111111,8.620555555555557,Blue
الضوء,"(24.8929433, 46.84344979999999)","(24.8699569, 46.8047036)",-0.75,72.13735657686587,14.666666666666666,17.622,Blue
الطحاوي,"(24.8312822, 46.61202309999999)","(24.8279201, 46.6059196)",-0.8907407407407406,46.80670878411079,11.08888888888889,8.64111111111111,Blue
الطريق الدائري الجنوبي الفرعي,"(24.641973, 46.8204406)","(24.5383879, 46.5933382)",6.172222222222222,37.695855972089795,49.337037037037035,30.17677777777778,Blue
العباس بن عبدالمطلب,"(24.7841274, 46.7266965)","(24.7663703, 46.6898516)",0.3425925925925926,45.90625308299449,10.703703703703702,8.040444444444445,Blue
العريجاء,"(24.6361119, 46.6731787)","(24.6126837, 46.6396075)",0.08888888888888889,32.39985109086839,11.905555555555557,6.348,Blue
العزايزه,"(24.6123559, 46.8088237)","(24.5613804, 46.7373393)",-0.124074074074074,43.23423962422049,26.93148148148148,19.191333333333333,Blue
العقيق,"(24.7938496, 46.6473255)","(24.7535059, 46.6128186)",-0.22962962962962966,49.04267325717161,9.487037037037036,7.665,Blue
العوفي,"(24.9387209, 46.941659)","(24.8809379, 46.8907119)",-0.4111111111111111,40.44161255136827,28.738888888888887,19.366,Blue
العينة,"(24.6479744, 46.592133)","(24.640628, 46.5710461)",1.6611111111111108,43.75568521559204,10.214814814814815,6.931444444444445,Blue
الغاط,"(24.7814243, 46.7025329)","(24.7691874, 46.6777773)",-0.16481481481481478,45.06910971697334,8.566666666666666,6.344222222222222,Blue
الغوازي,"(24.7125874, 46.8425413)","(24.7049446, 46.7981984)",-0.4703703703703704,31.346092842430526,13.746296296296297,7.153444444444444,Blue
الفروثي,"(24.764204, 46.6916631)","(24.7187709, 46.6844178)",1.0425925925925925,34.668757619265556,13.283333333333333,7.413222222222221,Yellow
الفضل اليزيدي,"(24.7509366, 46.8228622)","(24.744356, 46.7662896)",-0.8111111111111111,32.120108207633386,16.961111111111112,9.03111111111111,Blue
الفضول,"(24.7876258, 46.6967957)","(24.7288274, 46.658766)",1.8314814814814815,47.12143034977314,14.287037037037038,10.925,Blue
الفكر,"(24.6403854, 46.73696959999999)","(24.6042262, 46.6898516)",4.385185185185185,27.720795777629004,28.761111111111106,12.659666666666666,Orange
القادسية,"(24.8395969, 46.8501623)","(24.8001838, 46.7978952)",1.6685185185185185,39.230549309205614,17.581481481481482,11.386333333333333,Yellow
القاضي,"(24.7454537, 46.7146132)","(24.7408013, 46.7047977)",1.524074074074074,38.63153538113457,12.290740740740741,7.523444444444444,Blue
القريات,"(24.8239822, 46.6850215)","(24.8042754, 46.6752873)",2.0074074074074075,41.7435887044732,10.607407407407408,6.826,Blue
القضيباء,"(24.8140247, 46.7218629)","(24.7792262, 46.6819652)",0.5203703703703704,49.3591046503044,13.12037037037037,10.643444444444444,Blue
الكهف,"(24.7553203, 46.8216514)","(24.6973906, 46.81317680000001)",-0.3833333333333333,31.868041898134397,18.433333333333334,9.755,Blue
الكواكب,"(24.6976613, 46.8567756)","(24.6748499, 46.8422385)",-0.5351851851851852,52.40285656855863,12.79814814814815,11.155666666666667,Blue
المضيق,"(24.6975965, 46.7850392)","(24.6385203, 46.7118949)",3.174074074074074,29.004920177710176,30.13703703703704,13.678666666666667,Blue
المعيزيلة,"(24.8186427, 46.8597823)","(24.7649743, 46.8156829)",1.264814814814815,46.07075657713645,21.035185185185185,15.93333333333333,Blue
الملاح,"(24.6533723, 46.7454314)","(24.6162155, 46.7067607)",4.857407407407408,32.969012806022306,24.549999999999997,12.673444444444444,Yellow
الملد,"(24.79773910000002, 46.5814561)","(24.75346339999997, 46.54661769999999)",-0.6259259259259259,42.27524222999167,14.49074074074074,10.206,Blue
الملك سلمان الفرعي,"(24.8558203, 46.6801919)","(24.8423717, 46.6530339)",0.5148148148148147,56.53965771184167,7.548148148148148,7.005,Blue
الملك عبدالله,"(24.7598942, 46.7618374)","(24.7040611, 46.7211557)",0.8037037037037037,44.111414505573855,17.95740740740741,12.81311111111111,Blue
الملك فهد,"(24.7535293, 46.68524009999999)","(24.7278467, 46.65562389999999)",-0.18703703703703706,35.54535228582634,12.855555555555556,7.495555555555557,Blue
المهندس مساعد العنقري,"(24.7263022, 46.6877384)","(24.7055021, 46.6753627)",1.0833333333333333,39.65252957210353,17.50185185185185,10.848555555555556,Blue
النرجس,"(24.9789363, 46.7011156)","(24.8102943, 46.5886374)",-0.16111111111111115,62.62214503778088,33.925925925925924,35.364555555555555,Blue
النفل,"(24.7937761, 46.6864381)","(24.769956, 46.6602666)",-0.18333333333333335,42.29018615512323,9.107407407407408,6.368444444444445,Blue
النهضة,"(24.7812165, 46.8412932)","(24.740026, 46.7902745)",-0.21296296296296294,45.7778738834983,16.203703703703706,12.358333333333334,Blue
الواحة,"(24.7519361, 46.7258057)","(24.7213988, 46.68524009999999)",1.2222222222222223,41.55408672160505,12.724074074074075,8.593222222222222,Blue
الوصلة,"(24.8035774, 46.76749909999999)","(24.7855121, 46.71215919999999)",0.8462962962962962,34.80676587171887,15.987037037037036,9.133222222222223,Yellow
الوليد بن مسلم,"(24.76329790000003, 46.61907649999999)","(24.74361729999997, 46.5815554)",0.33518518518518525,44.97264699273797,11.401851851851852,8.439,Blue
الياسمين,"(24.8430476, 46.6698339)","(24.8006436, 46.6142181)",1.2259259259259259,36.359107599931754,16.737037037037037,9.944111111111113,Blue
بنها,"(24.6111439, 46.8373937)","(24.5987364, 46.8204406)",-0.3648148148148148,48.01158926799221,14.50185185185185,11.674222222222223,Blue
بيدة,"(24.6137046, 46.6878894)","(24.5886539, 46.6349367)",-0.5592592592592592,28.79903765733105,17.757407407407406,8.496,Blue
تقي الدين التميمي,"(24.6637775, 46.52589)","(24.6309065, 46.4849839)",1.1240740740740742,38.93301805626681,13.925925925925926,9.010666666666665,Yellow
ثمينة,"(24.8090501, 46.763115)","(24.772079, 46.71129089999999)",-0.16296296296296298,36.83445696332143,15.511111111111111,9.385777777777779,Blue
جاكارتا,"(24.7186837, 46.8567756)","(24.6891738, 46.8543525)",-0.009259259259259276,32.67448805688498,11.09074074074074,6.03,Blue
جبل طويق,"(24.6116569, 46.59702069999999)","(24.5242615, 46.43972429999999)",-0.7796296296296297,72.30538677496428,20.37037037037037,24.547,Blue
جبل عسيب,"(24.8325676, 46.744978)","(24.7791095, 46.6975506)",0.8870370370370371,48.226279895885924,15.938888888888888,12.658666666666667,Blue
جبل مرخة,"(24.7425462, 46.8543525)","(24.7205517, 46.8171112)",-0.6481481481481481,32.275113924400586,17.99074074074074,9.752666666666666,Blue
جديدة,"(24.6217074, 46.7164256)","(24.5872201, 46.6928707)",0.8851851851851852,31.386336132439016,12.618518518518519,6.549,Yellow
جرير,"(24.6883175, 46.76049620000001)","(24.6661834, 46.7409476)",-0.08703703703703705,31.557736035954438,11.514814814814814,6.019555555555556,Blue
جهام,"(24.808157, 46.7678014)","(24.7739725, 46.7179359)",0.7222222222222222,36.4425351293866,14.685185185185183,8.729555555555557,Yellow
جويرية بنت الحارث,"(24.7511046, 46.6524305)","(24.7318878, 46.64157160000001)",1.674074074074074,46.450728787330455,9.907407407407408,7.105,Blue
حسين بن سعيد المنوفي,"(24.6675779, 46.7635685)","(24.6640134, 46.7567663)",0.029629629629629624,46.1236716940184,9.662962962962963,7.4079999999999995,Blue
حلبان,"(24.8037367, 46.782922)","(24.7736595, 46.73727179999999)",0.8537037037037037,32.032471946577814,15.433333333333334,8.174,Yellow
حليمة السعدية,"(24.6184466, 46.7260923)","(24.6005061, 46.7164256)",3.009259259259259,23.407362127041328,16.725925925925925,6.224,Orange
حمد الخطيب,"(24.6846253, 46.7094787)","(24.6439315, 46.6995133)",1.8962962962962964,27.425124166367272,15.509259259259258,6.631777777777778,Blue
حمزة الاركوبي,"(24.6172233, 46.6463975)","(24.5561234, 46.6017757)",-0.39814814814814814,39.65671337133071,22.244444444444444,14.646444444444446,Blue
خارجة بن حذافة,"(24.702937, 46.7442224)","(24.6982062, 46.7049487)",2.783333333333333,33.808430365051315,13.133333333333333,6.856,Red
خالد ابن الوليد,"(24.8177153, 46.7889715)","(24.7236044, 46.7285093)",2.3944444444444444,44.15027312552715,31.755555555555556,22.944333333333333,Yellow
خيران,"(24.7055697, 46.8065192)","(24.6888833, 46.76024289999999)",-0.15000000000000002,30.04034945982593,14.283333333333335,7.101,Blue
داود بن الهيثم,"(24.7946905, 46.8373937)","(24.7606591, 46.8107557)",0.7685185185185186,43.13035797504611,14.616666666666667,10.409777777777778,Blue
راجية,"(24.8218292, 46.77324429999999)","(24.8027754, 46.7623591)",0.5537037037037036,36.41041239059446,14.803703703703706,8.894,Blue
رقوان,"(24.627163, 46.6096871)","(24.5744531, 46.56547459999999)",-0.055555555555555504,36.21176637758285,25.955555555555556,15.431666666666665,Blue
زهير بن المسيب,"(24.7519855, 46.7986522)","(24.6798075, 46.7647779)",2.2888888888888888,40.195146235554944,18.505555555555556,12.104,Yellow
زهير بن حرب,"(24.6253448, 46.7212587)","(24.6057798, 46.6880403)",1.7481481481481482,23.77429434296218,21.78148148148148,8.295444444444446,Blue
ساحل حلي الشمالي,"(24.6390092, 46.737574)","(24.615552, 46.7251859)",-0.16666666666666652,22.641702313580193,17.548148148148147,6.278,Blue
سامطة,"(24.7545783, 46.83622039999999)","(24.7340721, 46.802283)",0.25555555555555554,53.40436877184932,11.055555555555555,9.804,Blue
سعد بن أبي وقاص,"(24.745241, 46.83618260000001)","(24.7044208, 46.805914)",-0.5259259259259258,24.756111864038555,18.068518518518516,7.398,Blue
سلمان الفارسي,"(24.7814775, 46.8204406)","(24.750219, 46.7962319)",-0.2185185185185185,41.35512329104199,12.335185185185185,8.426,Blue
سليمان بن عبدالله آل الشيخ,"(24.7384386, 46.64157160000001)","(24.7046701, 46.6078033)",-0.23148148148148145,38.10888098960785,15.261111111111111,9.628444444444446,Blue
سومطرة,"(24.7753276, 46.6602746)","(24.75078, 46.6165447)",0.6666666666666667,49.33561617172415,8.933333333333334,7.132000000000001,Blue
شارع أبو ذر الغفاري,"(24.6876224, 46.7762684)","(24.6809226, 46.7572197)",0.3074074074074074,36.80097965957331,12.107407407407408,7.392,Blue
شارع أبوهريرة,"(24.754436, 46.8543525)","(24.7157648, 46.8249811)",-0.6925925925925926,43.14341306664671,17.35185185185185,12.436666666666666,Blue
شارع أبي الأسود الدؤلي,"(24.7586531, 46.8591989)","(24.717821, 46.8295219)",-0.012962962962962966,40.24129324628658,20.803703703703704,13.867,Blue
شارع ابن حزم,"(24.6193955, 46.6053922)","(24.5917193, 46.5800822)",-0.8555555555555555,40.748202181053585,15.644444444444446,10.611,Blue
شارع ابن شداد,"(24.6661731, 46.7312285)","(24.6540629, 46.6768718)",1.8703703703703702,34.9022783091164,14.329629629629629,7.702444444444445,Blue
شارع الأمير تركي بن عبدالعزيز الثاني,"(24.7596584, 46.6644988)","(24.748831, 46.6409684)",0.18333333333333335,46.70514442889795,9.044444444444444,6.8662222222222224,Blue
شارع الامير بندر بن عبد العزيز,"(24.7941059, 46.850718)","(24.7457271, 46.7720347)",-0.8481481481481482,43.50211557180977,19.118518518518517,13.781,Blue
شارع الثلاثين,"(24.7059093, 46.7164256)","(24.6790947, 46.6657058)",2.114814814814815,39.052121299276536,14.63888888888889,9.014555555555555,Blue
شارع الحلوة,"(24.7981818, 46.6708358)","(24.7858495, 46.6222727)",0.23333333333333334,32.2344127569906,14.233333333333333,7.582,Blue
شارع الزبير بن العوام,"(24.726966, 46.8399674)","(24.6854408, 46.7762684)",1.338888888888889,41.56188967145895,20.74074074074074,14.206444444444445,Yellow
شارع الشيخ عبدالله بن جبرين,"(24.8353917, 46.6102146)","(24.8202052, 46.5812872)",-0.8814814814814815,52.4191128387255,12.70185185185185,11.092,Blue
شارع الفضل التميمي,"(24.759075, 46.6470008)","(24.7555028, 46.6448894)",2.1648148148148145,36.68913461360398,13.077777777777778,7.433777777777777,Blue
شارع المدينة المنورة,"(24.6637135, 46.7962319)","(24.5627045, 46.574058)",5.196296296296296,52.001985970795104,41.31296296296296,34.207,Blue
شارع النايفية,"(24.7456243, 46.820138)","(24.7253957, 46.7752099)",0.11111111111111109,37.2833335883648,10.477777777777778,6.475,Blue
شارع الوقار,"(24.7854313, 46.7620568)","(24.7611366, 46.70917670000001)",-0.5222222222222223,38.75047562125181,17.437037037037037,11.200000000000001,Blue
شارع حفصة بنت عمر,"(24.7546817, 46.8071244)","(24.721463, 46.7575221)",-0.43333333333333335,38.23256939616553,15.703703703703702,9.782111111111112,Blue
شارع ريحانة بنت زيد,"(24.9025533, 46.6512239)","(24.8838705, 46.6102146)",-1.0555555555555556,46.46577415958464,15.677777777777777,12.133,Blue
شارع شبه الجزيرة,"(24.7095964, 46.91254010000001)","(24.60379, 46.815598)",-0.20370370370370353,54.62575465733929,35.34259259259259,31.964888888888886,Blue
شارع شرورة,"(24.805822, 46.7659873)","(24.7634044, 46.7405959)",0.03518518518518513,31.83727184190836,15.481481481481483,8.139777777777777,Blue
شارع طريق الامام محمد بن سعود,"(24.7895371, 46.7526854)","(24.7271816, 46.6270967)",1.838888888888889,51.61498015170172,18.788888888888888,15.631999999999998,Blue
شارع عبدالرحمن بن حمود السميط,"(24.8518274, 46.60298119999999)","(24.8424923, 46.5836972)",-0.8611111111111112,44.203027285583886,9.12962962962963,6.711222222222222,Blue
شارع عبدالملك بن سكينة,"(24.7357296, 46.64157160000001)","(24.6960973, 46.6081801)",-0.11666666666666664,46.31829198291968,11.885185185185186,9.065444444444445,Blue
شارع على بن أبي طالب,"(24.6805135, 46.7671967)","(24.6134842, 46.7405959)",1.3870370370370368,45.47833385447021,22.32037037037037,16.523,Blue
شارع عمر بن عبدالعزيز,"(24.7014787, 46.782922)","(24.6768552, 46.7260923)",0.01296296296296293,31.408789830137536,16.001851851851853,8.097111111111111,Blue
شارع عنيزة,"(24.7108149, 46.7938116)","(24.6834606, 46.7720347)",0.11481481481481487,32.18234481283552,13.331481481481482,7.108,Blue
شارع فاطمة الزهراء,"(24.6907085, 46.76296380000001)","(24.6546898, 46.72730079999999)",-1.5018518518518518,30.87950138428503,18.24074074074074,9.323666666666666,Blue
شارع مؤتة,"(24.7362175, 46.6617832)","(24.6969381, 46.6569558)",0.2111111111111111,38.12562790928106,10.105555555555556,6.233555555555556,Blue
شارع منصور الحازمي,"(24.8953296, 46.6391588)","(24.8890564, 46.6355399)",-0.6351851851851852,43.8432581426669,9.414814814814815,6.879,Blue
شارع وادي حنيفة,"(24.7033408, 46.6807956)","(24.5998153, 46.60298119999999)",2.5407407407407407,47.35545329364589,32.275925925925925,24.01833333333333,Yellow
شبيب الليثي,"(24.7572653, 46.7708252)","(24.7212289, 46.7460358)",-0.024074074074074095,29.535331793545133,16.19259259259259,7.906666666666666,Blue
صلاح الدين الأيوبي,"(24.7093659, 46.7774781)","(24.6525599, 46.7164256)",1.0481481481481483,33.7443147718609,25.44259259259259,13.929666666666668,Yellow
طريق أبي بكر الصديق,"(24.9673426, 46.7285093)","(24.6981028, 46.58851749999999)",1.0166666666666666,63.45580741359598,48.105555555555554,50.705,Blue
طريق الأمير سطام بن عبدالعزيز,"(24.6587247, 46.6801919)","(24.6158359, 46.6657058)",0.5,27.992891503810547,17.694444444444443,8.19788888888889,Blue
طريق الأمير سعد بن عبدالرحمن الأول,"(24.727772, 46.870105)","(24.6782849, 46.7768732)",0.711111111111111,57.75585424801331,23.075925925925926,21.971,Blue
طريق الأمير فيصل بن بندر بن عبدالعزيز,"(25.0006575, 46.70917670000001)","(24.8068767, 46.5833959)",-0.9425925925925925,63.613645858406684,38.837037037037035,41.101,Blue
طريق الامام  سعود بن فيصل,"(24.8155263, 46.660878)","(24.773476, 46.5716484)",1.348148148148148,52.4627445137871,21.218518518518515,18.308555555555557,Blue
طريق الامير مساعد بن جلوي,"(24.7113313, 46.7188421)","(24.6422095, 46.6946822)",2.4722222222222223,39.71328647289094,18.618518518518517,11.485888888888887,Blue
طريق الجنادرية,"(24.9690502, 46.8640458)","(24.7798871, 46.7859467)",0.046296296296296356,53.20873261868373,33.75925925925926,29.773555555555554,Blue
طريق الرياض - الرمحية,"(24.6236475, 46.6989848)","(24.5854023, 46.6870969)",0.35555555555555546,38.39560932012323,11.772222222222222,7.417,Blue
طريق السلطان قابوس بن سعيد,"(24.822224, 46.8640458)","(24.7816156, 46.83012739999999)",-0.7814814814814814,37.8669681144702,13.04074074074074,8.210222222222221,Blue
طريق العروبة,"(24.7435802, 46.7526854)","(24.6890813, 46.6270967)",3.3537037037037036,46.109973500377585,25.016666666666666,18.345777777777776,Blue
طريق الملك فهد - الفرعي,"(24.7620395, 46.6898516)","(24.6764758, 46.6463975)",2.2425925925925925,53.76285167192012,19.733333333333334,16.938666666666666,Blue
طريق الملك فيصل,"(24.6721253, 46.7236754)","(24.6170533, 46.6946822)",3.7944444444444443,29.86220126236807,20.62962962962963,9.517666666666667,Blue
طريق تركي الأول بن عبدالعزيز آل سعود,"(24.8474334, 46.670534)","(24.6630729, 46.5547852)",0.2555555555555554,54.915648115641915,32.0037037037037,28.869999999999997,Blue
طريق خزام,"(25.0520962, 46.8071244)","(24.8801496, 46.6994378)",-1.1574074074074074,63.25161922886246,40.459259259259255,42.592,Blue
طريق طلحة بن عبيدالله,"(24.717821, 46.855564)","(24.6826348, 46.7962319)",0.4166666666666667,31.883962994653164,17.67037037037037,9.293666666666667,Yellow
طريق عمر بن الخطاب,"(24.6698077, 46.7865516)","(24.6443417, 46.71400920000001)",2.653703703703704,27.257208764041046,22.803703703703704,9.937666666666665,Blue
طريق منية,"(24.7542336, 46.7067607)","(24.7256334, 46.6569558)",1.927777777777778,39.77166551757267,11.898148148148147,7.405666666666666,Blue
عائشة بنت أبي بكر,"(24.6178467, 46.670534)","(24.5647352, 46.6319212)",-0.15370370370370373,28.698934184887136,20.746296296296297,9.87,Blue
عالية,"(24.7499246, 46.71174389999999)","(24.6996238, 46.6886441)",2.0703703703703704,33.404783836773895,17.435185185185183,9.442222222222222,Blue
عباد بن الحارث,"(24.6779043, 46.7780829)","(24.6666887, 46.7696157)",-0.212962962962963,39.106326464255844,10.52037037037037,6.796,Blue
عبداللطيف الخيمي,"(24.6668921, 46.7040428)","(24.6644876, 46.6998152)",2.111111111111111,34.247624610741454,11.127777777777776,6.063,Orange
عبداللطيف بن عبدالملك آل الشيخ,"(24.825001, 46.6198608)","(24.7973643, 46.6053922)",1.4259259259259258,27.890988659454806,13.540740740740741,6.1465555555555556,Orange
عبدالملك بن العباس,"(24.6525323, 46.5210757)","(24.6411795, 46.5066359)",-0.21666666666666665,43.012831173128774,12.399999999999999,8.882,Blue
عثمان الضبي,"(24.6710714, 46.7078177)","(24.6034634, 46.6580872)",-0.5555555555555556,32.73104336593806,23.918518518518518,12.931444444444445,Blue
عسفات,"(24.7874632, 46.7276406)","(24.7805653, 46.701023)",0.1888888888888889,42.15026630849334,14.244444444444444,9.657333333333334,Blue
عسيلة,"(24.6110297, 46.6349367)","(24.5715898, 46.58490219999999)",0.47037037037037027,30.11021646741505,17.71851851851852,8.847333333333333,Blue
عطية بن جنادة,"(24.7606712, 46.7874591)","(24.7520107, 46.747547)",-0.14074074074074072,28.968343989437376,13.542592592592591,6.502,Blue
عمر بن أبي المعالي,"(24.7618462, 46.7620663)","(24.7194282, 46.7466403)",-0.0018518518518518884,36.073953029085125,13.879629629629628,8.272555555555556,Blue
عمرو بن العاص,"(24.6484974, 46.7073647)","(24.6325151, 46.6750609)",0.29814814814814816,32.62092350769677,12.755555555555555,6.820111111111111,Blue
عمير بن سنان بن عرفطة,"(24.6691819, 46.5186688)","(24.6289579, 46.4705546)",-1.0351851851851852,46.53152848727268,9.814814814814815,7.605999999999999,Blue
فرسان,"(24.7600848, 46.6536372)","(24.6897433, 46.6240816)",1.3888888888888888,54.22008559031198,21.024074074074075,18.229666666666667,Blue
قتادة,"(24.6564596, 46.7082707)","(24.6025389, 46.6589169)",-0.24629629629629632,33.87981522418974,20.607407407407408,11.527555555555557,Blue
قرى الدار,"(24.6398012, 46.6240816)","(24.5923203, 46.5969164)",1.0222222222222221,35.73079567717079,20.69814814814815,12.069444444444445,Blue
مثيبة,"(24.6250247, 46.7413514)","(24.5782971, 46.7029858)",2.674074074074074,39.81459268543387,20.32037037037037,12.814666666666666,Blue
محايدة,"(24.6584052, 46.5861072)","(24.6533337, 46.5855047)",-0.046296296296296315,40.943665948785096,9.087037037037037,6.162,Blue
محمد أبي حمزة,"(24.7599287, 46.6735519)","(24.7577633, 46.669176)",2.011111111111111,45.56885429283768,9.61111111111111,6.742,Blue
محمد بن البشير ألازهري,"(24.6760787, 46.8410273)","(24.6631189, 46.81801919999999)",-0.2944444444444445,40.10137007169622,10.13888888888889,6.765333333333333,Blue
مسلم بن عبدالرحمن,"(24.7557343, 46.7900302)","(24.7222054, 46.76931330000001)",0.044444444444444425,34.02447266626875,11.398148148148147,6.371111111111111,Blue
مصباح المالكي,"(24.658617, 46.75510370000001)","(24.6255656, 46.7106868)",2.3185185185185184,23.077177450776965,26.316666666666666,9.668666666666667,Yellow
مليجة,"(24.6853803, 46.8428441)","(24.6294166, 46.7726395)",-0.49444444444444446,44.360823398088456,17.672222222222224,13.009,Blue
ممر الجوابرة,"(24.7358359, 46.6682707)","(24.7026367, 46.632072)",-0.4722222222222222,33.139297898297635,12.927777777777777,7.05,Blue
ممر النظيم,"(24.9526781, 47.0577478)","(24.7695123, 46.8615818)",-1.8703703703703702,50.92234461073058,37.5611111111111,31.831555555555553,Blue
ممر قرطبة,"(24.8377564, 46.7581815)","(24.7926627, 46.7135863)",0.9481481481481482,48.04293940765729,15.281481481481482,12.07088888888889,Blue
ممرالأحقاب,"(24.7326658, 46.82377030000001)","(24.675455, 46.7805024)",-0.5685185185185184,36.37510736560583,22.946296296296296,13.764444444444443,Blue
منفوحة,"(24.6109435, 46.7373393)","(24.587994, 46.7195843)",-0.01111111111111112,32.199964787542086,11.587037037037037,6.072444444444445,Blue
منيفة,"(24.7287144, 46.6720429)","(24.6888318, 46.6388195)",-0.5148148148148148,30.747880341291143,16.401851851851852,8.31188888888889,Blue
موسى بن نصير,"(24.7091818, 46.6910592)","(24.6931774, 46.6584643)",0.04259259259259254,27.126883339197462,15.290740740740741,6.826444444444444,Blue
وادي الجناح,"(24.7058738, 46.6215189)","(24.7044394, 46.6194086)",0.2796296296296297,53.102090399337165,9.56851851851852,8.26811111111111,Blue
وادي الحياة,"(24.780071, 46.67989009999999)","(24.7552731, 46.65001720000001)",0.4759259259259259,54.53699869512555,6.6759259259259265,6.013,Blue
وادي الساهية,"(24.7797288, 46.6524305)","(24.7557062, 46.6234786)",0.4722222222222222,41.6678734071786,9.022222222222222,6.139,Blue
وادي الطيري,"(24.7382791, 46.7109888)","(24.6863312, 46.6849461)",5.516666666666667,36.23573680426027,20.562962962962963,11.476222222222223,Red
وادي ترج,"(24.7863531, 46.6940784)","(24.7813167, 46.6843423)",0.9277777777777777,41.192891598090235,12.205555555555556,8.325333333333333,Blue
وادي درعة,"(24.6628532, 46.8264947)","(24.6359111, 46.7684062)",-0.8611111111111112,34.90295859355121,14.705555555555556,8.52,Blue
وادي لبن,"(24.6405615, 46.6512239)","(24.5680149, 46.4489184)",0.5944444444444444,46.13593016394263,34.629629629629626,26.33522222222222,Blue
وادي هجر,"(24.8181963, 46.6186549)","(24.8093034, 46.6005703)",0.9888888888888889,31.202746615286912,13.544444444444444,6.852666666666667,Blue
وعلة,"(24.6715975, 46.7441469)","(24.6187426, 46.6930971)",3.3648148148148147,29.18234140941985,23.774074074074072,11.072,Blue
يوسف الأنفاسي,"(24.6555349, 46.7097808)","(24.6033697, 46.6638953)",0.0351851851851851,32.59613922286386,20.32962962962963,10.967111111111112,Blue
