Road Name,Distance (km),Time (mins),Ratio (km/min),Start_point,End_point
العجلية,156.233,86.0,1.8166627906976744,"(24.6345318, 46.6989093)","(24.6332014, 46.6986829)"
طريق الأرطاوية أم الجماجم,201.086,112.26666666666668,1.7911460807600952,"(26.8989379, 45.3260035)","(26.866834, 45.3127513)"
شارع برودان,352.026,196.2,1.7942201834862388,"(22.5287906, 45.09149550000001)","(22.5214768, 45.0786209)"
القويعية,17.266,9.7,1.78,"(24.7586767, 46.70162699999999)","(24.7564578, 46.6969467)"
صلبوخ,36.323,25.416666666666668,1.4291016393442622,"(24.5293006, 46.70255179999999)","(24.5263552, 46.7001172)"
اثيثية,26.97,19.866666666666667,1.3575503355704697,"(24.6927378, 46.6672146)","(24.6903053, 46.6619341)"
الجماجم,201.086,113.16666666666669,1.7769013254786452,"(25.1564724, 47.34695430000001)","(24.2939113, 46.2981033)"
أبي مروة,62.389,43.56666666666667,1.43203519510329,"(24.7210858, 46.8304302)","(24.718233, 46.8261919)"
Dammam Road,47.042,36.78333333333333,1.2788944268237428,"(24.9568714, 47.0291162)","(24.7886798, 46.7188421)"
Salbouk Road,36.323,25.466666666666665,1.4262958115183246,"(25.0835778, 46.3639355)","(25.0737049, 46.33389469999999)"
حراضة,7.205,6.25,1.1528,"(24.7674677, 46.8302031)","(24.7668182, 46.8291814)"
شارع أحمد الفريابي,12.287,11.5,1.0684347826086955,"(24.9001244, 46.62468459999999)","(24.8912163, 46.6065978)"
طريق الحصاة الغربي,27.138,21.45,1.2651748251748254,"(25.1564724, 47.34695430000001)","(24.2939113, 46.2981033)"
طريق أم الجماجم حفر الباطن,201.086,113.9,1.765460930640913,"(28.4738219, 46.0881615)","(28.1959598, 45.84457399999999)"
65,193.541,160.13333333333333,1.2086240632805996,"(25.15493010000003, 47.1735343)","(24.29445029999997, 46.42912490000001)"
طريق الدائري الشمالي-أبا سديرة,55.002,39.88333333333333,1.3790722941913915,"(24.9560346, 47.01452949999999)","(24.7258755, 46.5830947)"
جلاجل,19.534,17.266666666666666,1.1313127413127413,"(25.712693, 45.4933548)","(25.661024, 45.4375648)"
No.509,47.97,40.916666666666664,1.1723828920570265,"(24.9625832, 46.7285093)","(24.699414, 46.574058)"
طريق خريص القديم,50.265,41.81666666666667,1.2020326823435632,"(24.96626870000003, 47.3466994)","(24.92930029999997, 46.99267809999999)"
طريق بطين العريق عفيف,132.344,98.7,1.3408713272543058,"(24.65129070000002, 42.8783919)","(24.28787219999998, 42.27246969999999)"
الضوء,17.622,15.1,1.1670198675496688,"(24.8929433, 46.84344979999999)","(24.8699569, 46.8047036)"
الثمام,34.069,35.61666666666667,0.9565465605989706,"(24.9378398, 46.815598)","(24.7479639, 46.6319212)"
Binban,40.24,36.166666666666664,1.1126267281105993,"(25.0720744, 46.6302447)","(24.9132569, 46.4564837)"
King Abdullah Bin Abdul Aziz Road,56.714,60.11666666666667,0.9433989464929304,"(24.9996923, 46.7285093)","(24.6422095, 46.5499681)"
Al Janadriyah,35.069,35.5,0.9878591549295777,"(24.9445838, 46.9975312)","(24.7875365, 46.84589709999999)"
Thumamah Road,34.069,35.266666666666666,0.9660396975425332,"(24.9378398, 46.815598)","(24.7479639, 46.6319212)"
نجم الدين الطوفي,30.867,29.883333333333333,1.0329168990518685,"(24.5902846, 46.670534)","(24.5367663, 46.4970116)"
Northern Ring Road,55.002,39.6,1.388939393939394,"(24.9560346, 47.01452949999999)","(24.7258755, 46.5830947)"
Second Ring Road,15.104,16.866666666666667,0.895494071146245,"(24.7607903, 46.8688931)","(24.6605258, 46.8446611)"
طريق أبي بكر الصديق,50.3,47.666666666666664,1.0552447552447553,"(24.9673426, 46.7285093)","(24.6981028, 46.58851749999999)"
طريق الأمير فيصل بن بندر بن عبدالعزيز,39.286,38.11666666666667,1.03067774376913,"(25.0006575, 46.70917670000001)","(24.8068767, 46.5833959)"
الشرق,32.181,24.283333333333335,1.325229924502402,"(24.9968329, 47.0206171)","(24.8395321, 46.8220266)"
المزاحمية,46.385,43.0,1.078720930232558,"(24.5279793, 46.349945)","(24.4012757, 46.1845023)"
طريق الملك سلمان,42.18,37.983333333333334,1.1104870557261957,"(24.97692050000003, 46.7237318)","(24.79621499999998, 46.5574488)"
بنبان,40.24,36.766666666666666,1.0944696282864914,"(25.0720744, 46.6302447)","(24.9132569, 46.4564837)"
Al Hair Road,65.311,64.35,1.014933954933955,"(24.5987783, 46.8446611)","(24.3780824, 46.7285093)"
جبل طويق,24.547,21.45,1.1443822843822844,"(24.6116569, 46.59702069999999)","(24.5242615, 46.43972429999999)"
الملك سلمان الفرعي,7.005,6.933333333333334,1.0103365384615384,"(24.8558203, 46.6801919)","(24.8423717, 46.6530339)"
King Salman Road,42.18,39.61666666666667,1.06470340765671,"(24.97692050000003, 46.7237318)","(24.79621499999998, 46.5574488)"
النرجس,35.313,35.266666666666666,1.0013137996219283,"(24.9789363, 46.7011156)","(24.8102943, 46.5886374)"
طريق الدمام الرياض السريع,47.042,40.06666666666667,1.1740931780366055,"(24.9568714, 47.0291162)","(24.7886798, 46.7188421)"
طريق ديراب,17.569,17.083333333333332,1.028429268292683,"(24.58994840000003, 46.7055477)","(24.43446389999998, 46.6103736)"
بجدة,52.827,50.71666666666667,1.0416102530397633,"(24.6942703, 46.64157160000001)","(24.5263166, 46.4387046)"
Al Remal,23.556,27.533333333333335,0.855544794188862,"(24.9623711, 46.8511917)","(24.8228584, 46.75764179999999)"
King Fahad Rd,80.736,84.55,0.9548905972797164,"(25.0547936, 46.70917670000001)","(24.5781126, 46.4970116)"
خديجة بنت خويلد,16.387,16.4,0.9992073170731708,"(24.6042471, 46.6041867)","(24.5749012, 46.5210757)"
Hofuf road,22.165,23.666666666666668,0.9365492957746478,"(25.36624350000002, 49.5905296)","(25.35168369999997, 49.466518)"
طريق الأرطاوية - القاعية,7.406,8.9,0.8321348314606741,"(26.5400469, 45.3720332)","(26.4802535, 45.3252125)"
'Al Sabe,14.913,16.533333333333335,0.9019959677419354,"(24.598009, 46.5957488)","(24.5954907, 46.5925096)"
شارع حسان بن ثابت,14.762,20.0,0.7381,"(24.7534692, 46.8495065)","(24.7095964, 46.815598)"
بنت المعتمد,14.417,16.45,0.8764133738601824,"(24.5963613, 46.5925096)","(24.5935194, 46.5903252)"
طريق المجمعة الأرطاوية,7.406,8.883333333333333,0.8336960600375235,"(26.5400469, 45.3720332)","(26.4802535, 45.3252125)"
Abi Safwon,7.643,8.366666666666667,0.9135059760956176,"(24.9122469, 46.8107557)","(24.903784, 46.7938116)"
صهيب بن سنان,13.256,14.6,0.907945205479452,"(24.6035359, 46.58912)","(24.5978788, 46.58490219999999)"
قصور آل مقبل,57.259,56.06666666666667,1.0212663495838288,"(24.5783487, 46.4275359)","(24.4752254, 46.2864304)"
طريق الملك فهد - الفرعي,16.833,19.566666666666663,0.860289608177172,"(24.7620395, 46.6898516)","(24.6764758, 46.6463975)"
طريق القرارة,29.648,22.066666666666663,1.3435649546827797,"(24.8002971, 46.6889507)","(24.7991865, 46.686663)"
سومطرة,7.131,8.333333333333334,0.8557199999999999,"(24.7753276, 46.6602746)","(24.75078, 46.6165447)"
شارع طريق الامام محمد بن سعود,15.632,17.583333333333332,0.8890236966824645,"(24.7895371, 46.7526854)","(24.7271816, 46.6270967)"
الإمام مسلم,41.973,53.18333333333333,0.7892134127232843,"(24.5556039, 46.7768732)","(24.4720865, 46.66932689999999)"
الشبارقة,7.742,9.633333333333333,0.8036678200692042,"(24.7619765, 46.8342524)","(24.7252447, 46.7944167)"
طريق السليل الحسي الجديد,6.259,7.183333333333334,0.8713225058004641,"(25.1564724, 47.34695430000001)","(24.2939113, 46.2981033)"
طريق خريص,41.159,41.083333333333336,1.001841784989858,"(24.946473, 46.9999471)","(24.7106093, 46.7623591)"
طريق المليحات - الحريق,29.383,31.4,0.9357643312101912,"(25.1564724, 47.34695430000001)","(24.2939113, 46.2981033)"
طريق خزام,41.971,38.666666666666664,1.0854568965517242,"(25.0520962, 46.8071244)","(24.8801496, 46.6994378)"
شارع شبه الجزيرة,31.872,39.03333333333333,0.816532877882152,"(24.7095964, 46.91254010000001)","(24.60379, 46.815598)"
Dhalam,10.78,13.266666666666667,0.8125628140703517,"(24.8320047, 46.6934745)","(24.8206771, 46.66932689999999)"
الأمير سعود بن عبدالله بن جلوي,13.069,15.466666666666669,0.8449784482758621,"(24.8687954, 46.6632918)","(24.840795, 46.6053922)"
Khurais Road,41.159,39.016666666666666,1.0549081589064502,"(24.946473, 46.9999471)","(24.7106093, 46.7623591)"
الطريق الدائري الثاني,17.349,17.683333333333334,0.9810933081998114,"(24.7607903, 46.8688931)","(24.655751, 46.8446611)"
المجاردة,14.301,15.333333333333334,0.9326739130434782,"(24.5676496, 46.7542724)","(24.5644145, 46.7483026)"
Bilal Bin Rabah,15.229,16.183333333333334,0.9410298661174048,"(24.5916869, 46.6078033)","(24.5713992, 46.5210757)"
طريق حوطة بني تميم - الرياض,40.65,41.71666666666667,0.9744306831801836,"(24.43326210000003, 46.8798891)","(24.30150119999998, 46.834662)"
طريق تركي الأول بن عبدالعزيز آل سعود,31.607,35.6,0.8878370786516854,"(24.8474334, 46.670534)","(24.6630729, 46.5547852)"
شارع أحمد البسطامي,12.287,11.533333333333331,1.0653468208092487,"(24.9001244, 46.62468459999999)","(24.8912163, 46.6065978)"
ضرما,24.346,31.983333333333334,0.7612089630015633,"(24.6769698, 46.2431716)","(24.5575846, 46.0679053)"
الحاير,43.271,44.43333333333333,0.97384096024006,"(24.4942256, 46.8847528)","(24.3836285, 46.798284)"
نصيب بن رباح,15.226,17.916666666666668,0.8498232558139535,"(24.5916869, 46.6078033)","(24.5713992, 46.5210757)"
طريق مزارع خطامة سدير,19.721,19.433333333333337,1.014802744425386,"(25.1564724, 47.34695430000001)","(24.2939113, 46.2981033)"
Ibn Al Zaharawi,9.866,10.0,0.9866,"(24.4556204, 46.9877982)","(24.439907, 46.972009)"
إمتداد الطريق الدائري الشرقي - وصلة الخرج),70.104,70.35,0.9965031982942432,"(24.6385281, 46.9513691)","(24.4952017, 46.7962319)"
المشاعلة,26.373,31.633333333333333,0.8337091675447841,"(24.7026464, 46.7457336)","(24.6983399, 46.7445247)"
رغبة,6.788,6.133333333333334,1.106739130434783,"(24.7297945, 46.680041)","(24.7260168, 46.6780791)"
King Abdul Aziz Road,56.8,59.0,0.9627118644067796,"(24.9996923, 46.7285093)","(24.6422095, 46.5499681)"
مدخل طريق العليا,35.917,41.083333333333336,0.8742474645030426,"(24.8302126, 46.6995133)","(24.6639052, 46.612626)"
Shab uldin Al taj,12.486,13.166666666666666,0.9483037974683544,"(24.78133100000002, 46.6595165)","(24.73717459999997, 46.5755256)"
Derab Road,17.569,17.183333333333334,1.0224442289039766,"(24.5841406, 46.7067607)","(24.4849312, 46.6219712)"
جبل مرخة,14.148,20.916666666666668,0.676398406374502,"(24.7425462, 46.8543525)","(24.7205517, 46.8171112)"
As-Sahabh Road,18.256,21.916666666666668,0.8329733840304182,"(24.8519613, 46.805914)","(24.7657102, 46.7212587)"
أنس بن مالك,22.275,27.166666666666668,0.8199386503067484,"(24.8506483, 46.7188421)","(24.7825477, 46.56863670000001)"
البديع الشمالي,7.37,9.9,0.7444444444444445,"(24.7584477, 46.8047793)","(24.7574708, 46.8040228)"
عسفات,10.407,13.783333333333331,0.7550423216444982,"(24.7874632, 46.7276406)","(24.7805653, 46.701023)"
5399,38.632,41.28333333333333,0.9357771497779572,"(24.43571510000003, 46.8242555)","(24.38574769999997, 46.62209730000001)"
المدارة,8.798,10.75,0.8184186046511628,"(24.586451, 46.6956635)","(24.5521282, 46.6635087)"
طريق الأمير سعد بن عبدالرحمن الأول,21.415,24.333333333333332,0.8800684931506849,"(24.727772, 46.870105)","(24.6782849, 46.7768732)"
شارع ربيعة بن عامر بن بجاد,8.573,14.833333333333334,0.5779550561797753,"(24.7272521, 46.7727151)","(24.6793498, 46.7581267)"
الملد,10.206,15.1,0.6758940397350993,"(24.79773910000002, 46.5814561)","(24.75346339999997, 46.54661769999999)"
Al Khazaf,6.47,9.616666666666667,0.6727902946273829,"(24.5848639, 46.686229)","(24.5702727, 46.6453418)"
No.2,6.862,11.216666666666669,0.6117682020802377,"(24.8184527, 46.6657058)","(24.8152541, 46.6584643)"
السعيد,6.052,8.916666666666666,0.6787289719626168,"(24.7499138, 46.64398449999999)","(24.739142, 46.6289058)"
العوفي,19.366,28.383333333333333,0.6823018203170875,"(24.9387209, 46.941659)","(24.8809379, 46.8907119)"
جبل عسيب,12.385,15.716666666666669,0.788016967126193,"(24.8325676, 46.744978)","(24.7791095, 46.6975506)"
حلة الجلة,10.829,12.383333333333333,0.8744818304172275,"(25.1564724, 47.34695430000001)","(24.2939113, 46.2981033)"
سليمان بن عبدالملك بن مروان,7.004,10.7,0.6545794392523364,"(24.5722899, 46.5752628)","(24.5618795, 46.5210757)"
بكر بن عامر,8.573,14.6,0.5871917808219178,"(24.7272521, 46.7727151)","(24.6793498, 46.7581267)"
Airport Road,34.995,40.75,0.8587730061349692,"(24.9974697, 46.7381783)","(24.7791458, 46.6512239)"
Al Sfar Al Zhabi,9.339,11.6,0.8050862068965517,"(24.5867759, 46.5475598)","(24.5545491, 46.5427434)"
الأرطاوية,7.406,9.05,0.818342541436464,"(26.5400469, 45.3720332)","(26.4802535, 45.3252125)"
الكواكب,11.681,13.5,0.8652592592592592,"(24.6976613, 46.8567756)","(24.6748499, 46.8422385)"
عبدالملك بن العباس,8.882,12.216666666666669,0.7270395634379263,"(24.6525323, 46.5210757)","(24.6411795, 46.5066359)"
أحد,17.541,21.816666666666663,0.8040183346065699,"(24.5075494, 46.6554638)","(24.4722626, 46.6145)"
3rd Roundabout,6.094,8.35,0.7298203592814372,"(24.6652373, 46.7968369)","(24.6631823, 46.7870053)"
القضيباء,10.531,12.766666666666667,0.8248825065274151,"(24.8140247, 46.7218629)","(24.7792262, 46.6819652)"
مارية القبطية,15.314,20.35,0.7525307125307125,"(24.5974473, 46.592133)","(24.5888401, 46.5861072)"
طريق بنبان,10.296,8.216666666666667,1.2530628803245436,"(25.0416181, 46.6801919)","(25.0127506, 46.5873123)"
البدر,20.792,37.55,0.5537150466045274,"(24.5726435, 46.7841423)","(24.4951198, 46.6771475)"
الخزامة,13.564,18.383333333333333,0.737842248413418,"(24.7363514, 46.6231959)","(24.691285, 46.5685328)"
طريق الجنادرية,29.826,40.46666666666667,0.7370510708401977,"(24.9690502, 46.8640458)","(24.7798871, 46.7859467)"
الصحابة,18.256,26.116666666666667,0.6990172303765156,"(24.8519613, 46.805914)","(24.7657102, 46.7212587)"
Al Abbas Al Rashidi St.,26.665,36.45,0.7315500685871056,"(24.6923431, 46.8495065)","(24.5915754, 46.7865516)"
الهدار,10.658,13.55,0.7865682656826567,"(24.8087924, 46.7945679)","(24.8075744, 46.7919965)"
طريق منية,7.404,10.583333333333334,0.6995905511811024,"(24.7542336, 46.7067607)","(24.7256334, 46.6569558)"
ثرمداء,6.576,8.65,0.7602312138728323,"(25.1382917, 45.5142975)","(25.1075959, 45.4714681)"
رقم 513,60.376,73.55,0.8208837525492862,"(24.6167776, 46.9513691)","(24.4952017, 46.815598)"
أحمد بن ثابت,14.762,20.0,0.7381,"(24.7534692, 46.8495065)","(24.7095964, 46.815598)"
Othman Bin Affan Road,19.208,20.55,0.9346958637469586,"(24.8540833, 46.7285093)","(24.7410088, 46.670534)"
السوفه العليا,14.448,14.566666666666666,0.9918535469107552,"(24.5269302, 46.9186431)","(24.5228396, 46.9131466)"
وادي الجناح,7.885,9.333333333333334,0.8448214285714285,"(24.7058738, 46.6215189)","(24.7044394, 46.6194086)"
Jeddah Road,52.827,57.333333333333336,0.9214011627906976,"(24.6942703, 46.64157160000001)","(24.5263166, 46.4387046)"
ممر حسين الحبشي,15.108,16.15,0.9354798761609908,"(24.5999842, 46.5972554)","(24.5965173, 46.592133)"
بنها,15.107,15.1,1.0004635761589404,"(24.6111439, 46.8373937)","(24.5987364, 46.8204406)"
إبراهيم آل الشيخ,6.721,8.25,0.8146666666666667,"(24.8351449, 46.6922669)","(24.8296699, 46.6819982)"
شارع أمنة بنت أبي القاسم,9.583,13.6,0.7046323529411765,"(24.5638385, 46.75827779999999)","(24.5624883, 46.7573709)"
طريق الامام  سعود بن فيصل,19.288,24.266666666666666,0.7948351648351649,"(24.8155263, 46.660878)","(24.773476, 46.5716484)"
عفيف - الحوميات,7.356,9.55,0.770261780104712,"(23.0844693, 42.9125976)","(23.0471961, 42.8549193)"
شارع حفصة بنت عمر,10.043,15.633333333333333,0.642409381663113,"(24.7546817, 46.8071244)","(24.721463, 46.7575221)"
نجم الدين أبي حامد,30.867,39.35,0.7844218551461245,"(24.5902846, 46.670534)","(24.5367663, 46.4970116)"
الملك عبدالعزيز,56.714,60.95,0.9305004101722724,"(24.9996923, 46.7285093)","(24.6422095, 46.5499681)"
Al-Haer,43.271,44.28333333333333,0.9771396311629658,"(24.4942256, 46.8847528)","(24.3836285, 46.798284)"
يزيد بن مالك,6.242,9.183333333333334,0.6797096188747731,"(24.5897615, 46.8567756)","(24.5714292, 46.8252838)"
أبي المنصور البغدادي,77.679,102.75,0.756,"(33.525989, 44.59157)","(33.1945229, 44.238519)"
Al Thoumamah Rd,34.069,37.03333333333333,0.91995499549955,"(24.9378398, 46.815598)","(24.7479639, 46.6319212)"
Olaya Road,38.886,42.1,0.9236579572446556,"(24.8302126, 46.6995133)","(24.6639052, 46.612626)"
روض الجواء,8.221,12.183333333333334,0.6747742818057455,"(24.5584172, 46.7774781)","(24.5511378, 46.7647779)"
شارع الملك فهد,80.736,86.75,0.9306743515850144,"(25.0547936, 46.70917670000001)","(24.5781126, 46.4970116)"
الباجي,6.752,7.45,0.9063087248322148,"(24.5646125, 46.6341828)","(24.5622561, 46.6325054)"
Farsan,6.772,7.766666666666667,0.871931330472103,"(24.8359023, 46.6910592)","(24.8311855, 46.6812483)"
ظلم,10.78,13.216666666666669,0.8156368221941992,"(24.8320047, 46.6934745)","(24.8206771, 46.66932689999999)"
بكار بن رباح,15.226,17.966666666666665,0.8474582560296847,"(24.5916869, 46.6078033)","(24.5713992, 46.5210757)"
Al-Hamrah,9.527,13.566666666666666,0.7022358722358721,"(24.7913163, 46.77653309999999)","(24.7598942, 46.730632)"
طريق العروبة,18.726,23.916666666666668,0.7829686411149825,"(24.7435802, 46.7526854)","(24.6890813, 46.6270967)"
الوليد بن مسلم,8.439,11.2,0.7534821428571429,"(24.76329790000003, 46.61907649999999)","(24.74361729999997, 46.5815554)"
طريق عثمان بن عفان,19.208,25.366666666666667,0.7572141918528251,"(24.8540833, 46.7285093)","(24.7410088, 46.670534)"
شارع سومطرة,7.131,8.366666666666667,0.8523107569721116,"(24.7753276, 46.6602746)","(24.75078, 46.6165447)"
طريق مكة الفرعي,16.438,21.283333333333335,0.7723414252153483,"(24.7201491, 46.7671967)","(24.6656897, 46.6367462)"
عبدالملك الفتني,8.945,12.316666666666666,0.7262516914749662,"(24.7357296, 46.64157160000001)","(24.6960973, 46.6081801)"
Al Shaba'Niah,18.256,21.483333333333334,0.8497750193948798,"(24.8519613, 46.805914)","(24.7657102, 46.7212587)"
Shaheed Al Din Thum Al Watan Talal Abdulrahman Mohammed Al Maneh,8.069,8.683333333333334,0.9292514395393476,"(24.7338302, 46.5931876)","(24.730017, 46.5900239)"
Al Zahabi,9.339,11.616666666666667,0.8039311334289814,"(24.5867759, 46.5475598)","(24.5545491, 46.5427434)"
Al Tawhed,6.077,7.433333333333334,0.8175336322869955,"(24.5602792, 46.6204638)","(24.5516396, 46.609009)"
Umm Al Hair Path,43.271,44.61666666666667,0.9698393724318268,"(24.4942256, 46.8847528)","(24.3836285, 46.798284)"
الزلفي,28.431,29.95,0.9492821368948248,"(26.3641879, 44.9210358)","(26.213051, 44.75521089999999)"
الرمال,23.556,27.666666666666668,0.8514216867469879,"(24.9623711, 46.8511917)","(24.8228584, 46.75764179999999)"
Makkah al-Mukarramah Road,16.438,22.35,0.7354809843400446,"(24.7201491, 46.7671967)","(24.6656897, 46.6367462)"
أبي علي بن الشريف,9.734,12.1,0.8044628099173554,"(24.5650077, 46.7585045)","(24.5640378, 46.7566151)"
شارع التاج,12.486,14.516666666666667,0.8601148105625718,"(24.78133100000002, 46.6595165)","(24.73717459999997, 46.5755256)"
الفضل اليزيدي,9.057,17.516666666666666,0.5170504281636538,"(24.7509366, 46.8228622)","(24.744356, 46.7662896)"
عفيف,17.017,20.85,0.8161630695443645,"(23.9556658, 42.9571364)","(23.8511982, 42.8685665)"
وادي أم أثله,13.35,15.383333333333333,0.8678223185265439,"(25.1564724, 47.34695430000001)","(24.2939113, 46.2981033)"
ارطاوي الرقاص,8.571,10.35,0.8281159420289855,"(24.5914296, 46.7814854)","(24.5904458, 46.7809561)"
عمير بن سنان بن عرفطة,7.606,10.166666666666666,0.7481311475409836,"(24.6691819, 46.5186688)","(24.6289579, 46.4705546)"
حرثان بن عامر,9.309,15.183333333333334,0.6131064763995608,"(24.7272521, 46.7727151)","(24.6793498, 46.7581267)"
الفضول,10.925,13.0,0.8403846153846154,"(24.7876258, 46.6967957)","(24.7288274, 46.658766)"
Prince Sultan Bin Abdul Aziz,8.204,12.183333333333334,0.6733789329685362,"(24.78070620000002, 46.5690375)","(24.74708999999998, 46.528985)"
الصفاة,25.779,25.7,1.0030739299610896,"(24.5489714, 46.8979572)","(24.4841557, 46.8338156)"
Al Ataya,7.143,10.6,0.6738679245283019,"(24.7536362, 46.7623591)","(24.7333674, 46.7088747)"
الشيخ حسن بن حسين بن علي,16.49,24.866666666666667,0.66313672922252,"(24.8467573, 46.7865516)","(24.7617666, 46.7381783)"
الشيخ محمد بن عبدالوهاب,8.452,11.433333333333334,0.7392419825072886,"(24.78522760000002, 46.5545655)","(24.75757079999997, 46.5283655)"
الفارابي,23.625,28.4,0.8318661971830986,"(24.6557667, 46.8913181)","(24.6429911, 46.8834379)"
أبو عبيدة عامر بن الجراح,12.532,19.45,0.644318766066838,"(24.6956725, 46.8591989)","(24.6619895, 46.7841318)"
Al Sahel Valley,8.035,11.466666666666669,0.7007267441860465,"(24.866488, 46.815598)","(24.8287479, 46.7938116)"
الروضة,9.646,16.35,0.5899694189602447,"(24.7532343, 46.7870871)","(24.7145113, 46.7488715)"
رياض الروضة,9.646,14.9,0.6473825503355705,"(24.7532343, 46.7870871)","(24.7145113, 46.7488715)"
خيران,7.101,15.033333333333331,0.472350332594235,"(24.7055697, 46.8065192)","(24.6888833, 46.76024289999999)"
عبدالقادر صابر,7.552,11.05,0.6834389140271493,"(24.576561, 46.8059896)","(24.5605395, 46.7744539)"
سامطة,9.804,11.4,0.86,"(24.7545783, 46.83622039999999)","(24.7340721, 46.802283)"
مدخل طريق الملك عبدالله,25.369,29.45,0.8614261460101867,"(24.801193, 46.8204406)","(24.6968763, 46.6222727)"
العباس بن عبدالمطلب,7.814,12.383333333333333,0.6310094212651414,"(24.7841274, 46.7266965)","(24.7663703, 46.6898516)"
شارع الأمير تركي بن عبدالعزيز الثاني,6.77,8.333333333333334,0.8123999999999999,"(24.7596584, 46.6644988)","(24.748831, 46.6409684)"
Al Naqeel,15.044,21.083333333333332,0.7135494071146246,"(24.7610666, 46.65562389999999)","(24.7238296, 46.5904416)"
Al-Yaqout,14.961,21.066666666666663,0.7101740506329114,"(24.5746754, 46.8277055)","(24.538878, 46.7671967)"
أوثيلان,6.402,11.583333333333334,0.5526906474820144,"(24.5795234, 46.6952861)","(24.5387215, 46.6758154)"
شارع أبو ذر الغفاري,7.392,12.85,0.5752529182879378,"(24.6876224, 46.7762684)","(24.6809226, 46.7572197)"
الإمام أبي حنيفة,12.676,25.55,0.4961252446183953,"(24.6353085, 46.6946822)","(24.5899618, 46.60298119999999)"
الخضرين,9.178,16.266666666666666,0.5642213114754099,"(24.7628082, 46.7662896)","(24.7368424, 46.7121969)"
محايدة,6.162,10.4,0.5925,"(24.6584052, 46.5861072)","(24.6533337, 46.5855047)"
السماحة,10.63,22.133333333333333,0.4802710843373494,"(24.6255002, 46.6893988)","(24.5726548, 46.6453418)"
الوصلة,9.119,16.116666666666667,0.5658117890382627,"(24.8035774, 46.76749909999999)","(24.7855121, 46.71215919999999)"
الأوزاعي,6.922,12.033333333333331,0.5752354570637119,"(24.7533144, 46.80894)","(24.7153136, 46.7716568)"
شارع عبدالملك بن سكينة,8.945,14.216666666666669,0.6291910902696366,"(24.7357296, 46.64157160000001)","(24.6960973, 46.6081801)"
بيروت,9.676,20.616666666666667,0.4693290218270008,"(33.9161091, 35.5416362)","(33.8623275, 35.4669284)"
مرو,6.831,14.4,0.474375,"(24.6484974, 46.7073647)","(24.6325151, 46.6750609)"
محمد أبي حمزة,6.742,10.416666666666666,0.647232,"(24.7599287, 46.6735519)","(24.7577633, 46.669176)"
Al Sanya al Baida,14.229,24.4,0.583155737704918,"(24.7310537, 46.84344979999999)","(24.6808089, 46.7578244)"
شارع الثوابية,7.703,12.816666666666666,0.6010143042912874,"(24.5991424, 46.7285093)","(24.5646728, 46.6801919)"
ابن حجر,7.753,9.95,0.7791959798994975,"(24.5725734, 46.80894)","(24.556628, 46.7768732)"
الدائري الغربي,38.611,52.56666666666667,0.7345149017121115,"(24.7397288, 46.6463975)","(24.5539963, 46.5547852)"
شارع أبي الأسود الدؤلي,13.867,23.183333333333337,0.5981452192667146,"(24.7586531, 46.8591989)","(24.717821, 46.8295219)"
Al Massaif,7.909,12.25,0.6456326530612245,"(24.7775434, 46.6947278)","(24.7535293, 46.6684286)"
عسيلة,8.848,19.666666666666668,0.4498983050847457,"(24.6110297, 46.6349367)","(24.5715898, 46.58490219999999)"
شارع شرورة,7.641,15.283333333333331,0.4999563794983642,"(24.805822, 46.7659873)","(24.7634044, 46.7405959)"
النجيل,14.762,19.45,0.7589717223650386,"(24.7534692, 46.8495065)","(24.7095964, 46.815598)"
Al Farish,11.523,14.416666666666666,0.7992832369942197,"(24.7891692, 46.7170297)","(24.7480719, 46.6687234)"
القاضي بن زياد,7.644,12.933333333333334,0.5910309278350515,"(24.7454537, 46.7146132)","(24.7408013, 46.7047977)"
سليط بن ثابت,14.762,20.066666666666663,0.7356478405315615,"(24.7534692, 46.8495065)","(24.7095964, 46.815598)"
Al Basham St.,13.576,19.2,0.7070833333333334,"(24.7493703, 46.8243757)","(24.6834516, 46.7679526)"
التخصصي,23.312,36.36666666666667,0.6410265811182402,"(24.7577072, 46.6898516)","(24.6509204, 46.6367462)"
Al Imam S'Aud Bin Abdulaziz Bin Mohammed,23.834,35.71666666666667,0.6673075128324778,"(24.6060597, 46.8495065)","(24.5533825, 46.7744539)"
معادي,10.351,13.466666666666669,0.7686386138613862,"(24.5913209, 46.6946822)","(24.541271, 46.65001720000001)"
شارع الامير بندر بن عبد العزيز,13.781,20.7,0.6657487922705314,"(24.7941059, 46.850718)","(24.7457271, 46.7720347)"
شارع منصور الحازمي,6.879,10.016666666666667,0.6867554076539101,"(24.8953296, 46.6391588)","(24.8890564, 46.6355399)"
النهضة,11.426,18.383333333333333,0.621541251133273,"(24.7812165, 46.8412932)","(24.740026, 46.7902745)"
الجبل الأبيض,12.804,16.083333333333332,0.7961036269430053,"(24.7987395, 46.6509222)","(24.7389743, 46.6023784)"
Atia,6.009,8.316666666666666,0.7225250501002005,"(24.7736461, 46.7222027)","(24.7524547, 46.6826067)"
ممر 157,8.404,17.566666666666666,0.4784060721062618,"(24.594892, 46.6403652)","(24.571468, 46.5812872)"
الملك فهد,9.198,15.183333333333334,0.6057958287596048,"(24.7535293, 46.68524009999999)","(24.7278467, 46.65562389999999)"
شارع شعيرة,8.074,12.55,0.6433466135458167,"(24.7468638, 46.7478493)","(24.7443783, 46.7114419)"
السمح بن مالك,6.242,9.566666666666666,0.6524738675958188,"(24.5897615, 46.8567756)","(24.5714292, 46.8252838)"
Irqah,17.317,23.333333333333332,0.7421571428571428,"(24.7093091, 46.6160267)","(24.6686628, 46.4822893)"
FAHHAD MOHAMMAD AL JFIRAN STREET,9.994,17.066666666666666,0.5855859375,"(24.68896, 46.76417319999999)","(24.6840036, 46.7132541)"
الدائري الثاني,17.349,17.933333333333334,0.9674163568773234,"(24.7607903, 46.8688931)","(24.655751, 46.8446611)"
الياقوت,6.744,13.45,0.5014126394052044,"(24.5508047, 46.7817122)","(24.5397372, 46.7647779)"
وادي الطيري,11.587,22.733333333333334,0.5096920821114369,"(24.7382791, 46.7109888)","(24.6863312, 46.6849461)"
طريق رماح,8.349,14.266666666666667,0.5852102803738317,"(24.7587914, 46.6898516)","(24.7200682, 46.67294829999999)"
شارع حمزة السلحدار,14.804,24.85,0.5957344064386317,"(24.6172233, 46.6463975)","(24.5561234, 46.6017757)"
علي أبي العلي,13.406,20.566666666666663,0.6518314424635333,"(24.7165527, 46.7035117)","(24.6682398, 46.66354519999999)"
حسين بن سعيد المنوفي,7.408,10.4,0.7123076923076923,"(24.6675779, 46.7635685)","(24.6640134, 46.7567663)"
الأندلسي,6.719,11.366666666666667,0.5911143695014662,"(24.7568426, 46.8027447)","(24.7302837, 46.7745554)"
Prince Ahmed Bin Abdulaziz,8.106,12.75,0.6357647058823529,"(24.644358, 46.6463975)","(24.6263283, 46.5861072)"
طريق السلطان قابوس بن سعيد,8.059,12.966666666666669,0.621516709511568,"(24.822224, 46.8640458)","(24.7816156, 46.83012739999999)"
شارع المدينة المنورة,33.909,59.68333333333333,0.5681485618542307,"(24.6637135, 46.7962319)","(24.5627045, 46.574058)"
Discovery Blvd,10.072,12.85,0.7838132295719844,"(24.7659472, 46.6391588)","(24.7607916, 46.636143)"
التصنيع,6.129,11.183333333333334,0.548047690014903,"(24.585532, 46.7430136)","(24.5571824, 46.712801)"
القاضي,7.606,14.016666666666667,0.5426397146254458,"(24.7454537, 46.7146132)","(24.7408013, 46.7047977)"
Al-Imam Al Bukharl,23.834,36.016666666666666,0.661749190189727,"(24.6060597, 46.8495065)","(24.5533825, 46.7744539)"
مبارك بن سكينة,8.945,13.45,0.6650557620817844,"(24.7357296, 46.64157160000001)","(24.6960973, 46.6081801)"
Sabta,7.733,10.25,0.7544390243902439,"(24.76491, 46.6699305)","(24.7191642, 46.6578609)"
Marat,12.049,17.233333333333334,0.6991682785299805,"(25.09132, 45.5014229)","(25.0467981, 45.4397658)"
Mohammed Ali Jinnah,18.078,22.066666666666663,0.8192447129909365,"(24.8148754, 46.7986522)","(24.7545582, 46.6995133)"
زهير بن المسيب,12.104,20.216666666666665,0.5987139323990107,"(24.7519855, 46.7986522)","(24.6798075, 46.7647779)"
طريق التخصصي,23.312,35.166666666666664,0.6629004739336494,"(24.7577072, 46.6898516)","(24.6509204, 46.6367462)"
مسلم بن عبدالرحمن,6.538,12.483333333333333,0.5237383177570094,"(24.7557343, 46.7900302)","(24.7222054, 46.76931330000001)"
أم أثلة,13.35,15.383333333333333,0.8678223185265439,"(25.1564724, 47.34695430000001)","(24.2939113, 46.2981033)"
شارع الأمير متعب بن عبدالله بن عبدالعزيز,30.033,32.416666666666664,0.9264678663239077,"(24.756016, 46.941659)","(24.5938452, 46.8495065)"
وادي لبن,24.852,40.9,0.6076283618581907,"(24.6405615, 46.6512239)","(24.5680149, 46.4489184)"
فرسان,19.661,24.05,0.8175051975051976,"(24.7600848, 46.6536372)","(24.6897433, 46.6240816)"
العقيق,7.665,9.4,0.8154255319148936,"(24.7938496, 46.6473255)","(24.7535059, 46.6128186)"
طريق الأمير مقرن بن عبد العزيز، عين البراحة,16.386,20.583333333333332,0.7960809716599191,"(24.7944098, 43.86506079999999)","(24.743728, 43.7278605)"
طريق المطار,38.345,47.55,0.8064143007360673,"(24.9974697, 46.7381783)","(24.7791458, 46.6512239)"
شارع الزبير بن العوام,13.15,24.25,0.5422680412371134,"(24.726966, 46.8399674)","(24.6854408, 46.7762684)"
عاصم بن جويرية,7.105,12.0,0.5920833333333334,"(24.7511046, 46.6524305)","(24.7318878, 46.64157160000001)"
طريق الدائري الجديد-تحت الإنشاء,32.641,58.083333333333336,0.5619684361549497,"(24.9560346, 47.01452949999999)","(24.7258755, 46.5830947)"
أبي نصر الفارابي,28.558,30.033333333333335,0.9508768035516092,"(24.6557667, 46.8913181)","(24.6429911, 46.8834379)"
As-Sahabh Roadالصحابة,18.256,23.083333333333332,0.7908736462093864,"(24.8519613, 46.805914)","(24.7657102, 46.7212587)"
King Abdullah Road,25.369,31.8,0.7977672955974843,"(24.801193, 46.8204406)","(24.6968763, 46.6222727)"
أحمد عبدالواحد,6.15,12.05,0.5103734439834025,"(24.7132022, 46.7652314)","(24.7113442, 46.7638708)"
شارع بور سعيد,9.017,15.6,0.5780128205128205,"(24.5860316, 46.8252838)","(24.5419287, 46.8010727)"
التعاون,6.423,11.133333333333333,0.5769161676646707,"(24.785114, 46.7126813)","(24.7611094, 46.6864381)"
Al Rawdh,9.646,14.15,0.681696113074205,"(24.7532343, 46.7870871)","(24.7145113, 46.7488715)"
الثريا,7.027,11.65,0.603175965665236,"(24.7651064, 46.75570829999999)","(24.7388652, 46.7233733)"
As-Sahabh,18.256,27.133333333333333,0.6728255528255529,"(24.8519613, 46.805914)","(24.7657102, 46.7212587)"
الشيخ عبدالله المخضوب,7.188,12.766666666666667,0.5630287206266318,"(24.7995141, 46.7094787)","(24.7878151, 46.6897762)"
سمحا,14.323,24.133333333333333,0.5934944751381216,"(24.6255002, 46.6893988)","(24.5726548, 46.6453418)"
وادي أيروان,6.342,10.733333333333333,0.5908695652173913,"(24.5792541, 46.6886441)","(24.5754641, 46.6838141)"
النفل,6.351,9.683333333333334,0.6558691910499139,"(24.7937761, 46.6864381)","(24.769956, 46.6602666)"
عطية سالم,6.009,7.533333333333333,0.7976548672566373,"(24.7736461, 46.7222027)","(24.7524547, 46.6826067)"
شارع الشيخ إبراهيم بن محمد آل الشيخ,6.721,7.933333333333334,0.8471848739495799,"(24.8351449, 46.6922669)","(24.8296699, 46.6819982)"
وادي ترج,8.252,12.433333333333334,0.6636997319034853,"(24.7863531, 46.6940784)","(24.7813167, 46.6843423)"
طريق الملك عبدالعزيز فرعي,56.8,58.5,0.9709401709401708,"(24.9996923, 46.7285093)","(24.6422095, 46.5499681)"
الباطن,20.704,40.983333333333334,0.5051809678731192,"(24.7631338, 46.8028881)","(24.642655, 46.7315306)"
فؤاد حمزة,14.804,24.983333333333334,0.5925550366911274,"(24.6172233, 46.6463975)","(24.5561234, 46.6017757)"
أحمد الموفق,7.88,12.3,0.640650406504065,"(24.6309504, 46.7043448)","(24.5838406, 46.6958899)"
عطي,6.009,9.016666666666667,0.6664325323475045,"(24.7736461, 46.7222027)","(24.7524547, 46.6826067)"
Ismail Al Andulus,6.719,10.816666666666666,0.6211710323574731,"(24.7568426, 46.8027447)","(24.7302837, 46.7745554)"
طريق الثمامة,34.069,37.666666666666664,0.9044867256637168,"(24.9378398, 46.815598)","(24.7479639, 46.6319212)"
نمار,9.235,14.283333333333331,0.6465577596266044,"(24.586135, 46.7052896)","(24.5601965, 46.6710482)"
AL Hadad,11.478,16.933333333333334,0.6778346456692913,"(24.6927368, 46.7944167)","(24.6437154, 46.7883665)"
Al Falah,8.986,14.45,0.6218685121107267,"(24.8091397, 46.7223406)","(24.785114, 46.6960814)"
قها,6.694,10.566666666666666,0.6335015772870662,"(24.8094773, 46.7508718)","(24.7984307, 46.712499)"
البشائر,7.762,14.2,0.5466197183098591,"(24.7139597, 46.8227108)","(24.6825958, 46.790484)"
Al Hamla,9.527,14.45,0.6593079584775087,"(24.7913163, 46.77653309999999)","(24.7598942, 46.730632)"
الإمام أحمد بن حنبل,21.225,25.133333333333333,0.8444960212201592,"(24.768106, 46.8907119)","(24.6997523, 46.7768732)"
وادي الحياة,6.013,8.75,0.6872,"(24.780071, 46.67989009999999)","(24.7552731, 46.65001720000001)"
القادسية,11.347,18.6,0.6100537634408602,"(24.8395969, 46.8501623)","(24.8001838, 46.7978952)"
Al Khozama,13.564,18.683333333333337,0.7259946476360393,"(24.7363514, 46.6231959)","(24.691285, 46.5685328)"
البيت العتيق,7.29,13.266666666666667,0.5494974874371858,"(24.8112938, 46.7445247)","(24.7994054, 46.7188421)"
الغاط,6.377,7.966666666666667,0.800460251046025,"(24.7814243, 46.7025329)","(24.7691874, 46.6777773)"
الأسود بن هلال,8.133,11.283333333333331,0.7207976366322009,"(24.76340690000002, 46.6271734)","(24.74446739999997, 46.582252)"
شارع الشيخ عبدالله بن جبرين,11.092,13.3,0.833984962406015,"(24.8353917, 46.6102146)","(24.8202052, 46.5812872)"
الواحة,11.027,17.216666666666665,0.6404840271055179,"(24.7519361, 46.7258057)","(24.7213988, 46.68524009999999)"
العزايزه,18.47,31.866666666666667,0.579602510460251,"(24.6123559, 46.8088237)","(24.5613804, 46.7373393)"
طيبة,18.51,28.4,0.6517605633802818,"(24.5735721, 46.8649294)","(24.5099959, 46.7958078)"
الأشبيلي,10.785,17.05,0.6325513196480939,"(24.8093433, 46.8181123)","(24.776426, 46.7663688)"
شارع أبوهريرة,12.434,19.733333333333334,0.6301013513513513,"(24.754436, 46.8543525)","(24.7157648, 46.8249811)"
الشعيرة,8.074,11.716666666666669,0.6891038406827881,"(24.7468638, 46.7478493)","(24.7443783, 46.7114419)"
جبل عبدالعزيز,8.333,12.783333333333331,0.6518644067796611,"(25.1564724, 47.34695430000001)","(24.2939113, 46.2981033)"
الطحاوي,7.526,11.85,0.6351054852320676,"(24.8312822, 46.61202309999999)","(24.8279201, 46.6059196)"
شارع النخل,14.762,20.333333333333332,0.7260000000000001,"(24.7534692, 46.8495065)","(24.7095964, 46.815598)"
حمزة الاركوبي,14.804,25.433333333333337,0.5820707732634338,"(24.6172233, 46.6463975)","(24.5561234, 46.6017757)"
عبس بن عامر السلمي,8.573,14.716666666666669,0.5825368063420159,"(24.7272521, 46.7727151)","(24.6793498, 46.7581267)"
Al Ghadir,8.694,15.4,0.5645454545454546,"(24.7862846, 46.6684286)","(24.7610666, 46.640876)"
سلمان الفارسي,8.215,12.933333333333334,0.635180412371134,"(24.7814775, 46.8204406)","(24.750219, 46.7962319)"
عوالي,12.243,22.466666666666665,0.5449406528189912,"(24.5767642, 46.66049169999999)","(24.5428661, 46.5796016)"
كراتشي,10.443,17.466666666666665,0.597881679389313,"(24.7602337, 46.601173)","(24.7539594, 46.5975568)"
طريق جبله ، عين البراحة,16.386,21.133333333333333,0.7753627760252366,"(25.1564724, 47.34695430000001)","(24.2939113, 46.2981033)"
شارع منصور الطبري,6.879,10.0,0.6879,"(24.8953296, 46.6391588)","(24.8890564, 46.6355399)"
Afif,17.017,20.1,0.8466169154228855,"(23.9556658, 42.9571364)","(23.8511982, 42.8685665)"
ديراب,12.492,17.883333333333333,0.6985274930102517,"(24.5384507, 46.6451102)","(24.4823168, 46.593364)"
Western Ring Rd,34.488,49.1,0.7024032586558044,"(24.7397288, 46.6463975)","(24.5539963, 46.5547852)"
Al Nahdha road,19.052,33.18333333333333,0.5741436464088399,"(24.7084691, 46.7865516)","(24.6251442, 46.7430136)"
مصافي,6.92,11.283333333333331,0.6132939438700148,"(24.8249208, 46.7484538)","(24.7987016, 46.7084972)"
الخضر النيسابوري,9.178,16.666666666666668,0.5506800000000001,"(24.7628082, 46.7662896)","(24.7368424, 46.7121969)"
الخزف,6.47,9.666666666666666,0.6693103448275862,"(24.5848639, 46.686229)","(24.5702727, 46.6453418)"
ممر أحد,17.541,21.55,0.8139675174013921,"(24.5075494, 46.6554638)","(24.4722626, 46.6145)"
طريق جدة,52.827,57.8,0.913961937716263,"(24.6942703, 46.64157160000001)","(24.5263166, 46.4387046)"
سفيان بن ثابت,14.762,19.766666666666666,0.7468128161888702,"(24.7534692, 46.8495065)","(24.7095964, 46.815598)"
صنعاء,52.732,96.78333333333332,0.5448458756672981,"(15.5113795, 44.28496579999999)","(15.2547096, 44.1375954)"
عباد بن الحارث,6.796,11.25,0.6040888888888889,"(24.6779043, 46.7780829)","(24.6666887, 46.7696157)"
Conference Blvd,7.571,11.816666666666666,0.6407052186177715,"(24.7609007, 46.6422125)","(24.7582481, 46.6373493)"
الحيازين,13.36,24.45,0.5464212678936605,"(24.7685712, 46.7794439)","(24.6891896, 46.77233709999999)"
شبيجة العليا,13.406,19.15,0.7000522193211489,"(24.7165527, 46.7035117)","(24.6682398, 46.66354519999999)"
شارع ابن حزم,10.611,16.166666666666668,0.6563505154639175,"(24.6193955, 46.6053922)","(24.5917193, 46.5800822)"
عبدالملك الزيري,8.945,12.85,0.6961089494163425,"(24.7357296, 46.64157160000001)","(24.6960973, 46.6081801)"
كلثم بنت عمرو,9.673,19.0,0.5091052631578947,"(24.7546817, 46.8071244)","(24.721463, 46.7575221)"
شبيب الليثي,8.662,19.366666666666667,0.447263339070568,"(24.7572653, 46.7708252)","(24.7212289, 46.7460358)"
جنين,6.788,13.233333333333333,0.5129471032745593,"(24.6060922, 46.6017757)","(24.5748326, 46.5861072)"
ممر قرطبة,12.56,15.866666666666667,0.7915966386554621,"(24.8377564, 46.7581815)","(24.7926627, 46.7135863)"
حصن الحراء,9.527,13.35,0.7136329588014981,"(24.7913163, 46.77653309999999)","(24.7598942, 46.730632)"
ممر النظيم,31.826,38.71666666666667,0.8220232458028411,"(24.9526781, 47.0577478)","(24.7695123, 46.8615818)"
مصيدة العليا,13.406,19.283333333333335,0.6952117545375972,"(24.7165527, 46.7035117)","(24.6682398, 46.66354519999999)"
شارع عبدالرحمن بن حمود السميط,6.695,9.416666666666666,0.7109734513274337,"(24.8518274, 46.60298119999999)","(24.8424923, 46.5836972)"
ممر 98,8.404,15.733333333333333,0.5341525423728813,"(24.594892, 46.6403652)","(24.571468, 46.5812872)"
عسفان,8.158,15.616666666666667,0.5223906083244396,"(24.7874632, 46.7276406)","(24.7805653, 46.701023)"
البغدادي,6.003,10.8,0.5558333333333333,"(24.7589695, 46.8053088)","(24.7281493, 46.7811073)"
شارع أم عمارة,6.305,12.6,0.5003968253968254,"(24.5634142, 46.7194462)","(24.5321671, 46.6946822)"
Abu Thabit,14.762,20.283333333333335,0.7277896466721446,"(24.7534692, 46.8495065)","(24.7095964, 46.815598)"
الذهبي,9.339,11.85,0.7881012658227848,"(24.5867759, 46.5475598)","(24.5545491, 46.5427434)"
التنهاة,9.115,15.316666666666666,0.5951033732317736,"(24.7570374, 46.5981595)","(24.7397288, 46.58851749999999)"
ملهم,7.63,11.9,0.6411764705882352,"(25.1859133, 46.35646819999999)","(25.1446629, 46.3126088)"
Al Rabeah Aljarmi,8.805,15.083333333333334,0.583756906077348,"(24.7391318, 46.7587313)","(24.6933374, 46.7555571)"
شارع واثر بن حجر,7.753,12.133333333333333,0.6389835164835165,"(24.5725734, 46.80894)","(24.556628, 46.7768732)"
شارع مؤتة,6.224,9.833333333333334,0.6329491525423728,"(24.7362175, 46.6617832)","(24.6969381, 46.6569558)"
الزراع بن عامر,8.573,14.833333333333334,0.5779550561797753,"(24.7272521, 46.7727151)","(24.6793498, 46.7581267)"
Al Nasser,10.692,18.933333333333337,0.5647183098591549,"(24.6030097, 46.7889715)","(24.5762585, 46.737574)"
الصناعية,6.716,19.7,0.3409137055837564,"(24.6541091, 46.7619944)","(24.630205, 46.7308212)"
Mohammed Bin Al Hareth,11.258,18.816666666666663,0.5982993799822852,"(24.8013768, 46.7484915)","(24.742101, 46.7052507)"
شارع اسيد بن ظهير بن رافع,8.856,17.05,0.5194134897360704,"(24.6580379, 46.7768732)","(24.6289546, 46.7623591)"
أريحا,10.404,23.15,0.4494168466522678,"(24.7064561, 46.77233709999999)","(24.6560661, 46.7309264)"
شارع اسد بن عطية بن عبيد,8.856,17.05,0.5194134897360704,"(24.6580379, 46.7768732)","(24.6289546, 46.7623591)"
السفح,9.474,20.066666666666663,0.4721262458471761,"(24.6130618, 46.720428)","(24.5733974, 46.6964938)"
Al Madini,6.797,13.95,0.4872401433691756,"(24.5721571, 46.6495648)","(24.5361463, 46.6337305)"
East Ring Road,29.92,57.93333333333333,0.5164556962025317,"(24.7921447, 46.805914)","(24.6224894, 46.7188421)"
وادي حنيفة,22.91,44.2,0.5183257918552036,"(24.7033408, 46.6807956)","(24.5998153, 46.60298119999999)"
ممر فاتك بن زيد,7.371,19.683333333333337,0.3744792548687553,"(24.7469689, 46.8410273)","(24.706146, 46.8107557)"
Khalij Adan,9.848,24.1,0.4086307053941909,"(24.7968653, 46.8295247)","(24.7568426, 46.77653309999999)"
رغدان,6.289,20.366666666666667,0.3087888707037643,"(24.6722289, 46.7345617)","(24.6388126, 46.7019289)"
شجوى,6.817,13.083333333333334,0.5210445859872611,"(24.5840971, 46.6394604)","(24.5739943, 46.5963138)"
شارع وحشي بن حرب,7.36,25.883333333333333,0.2843528654217643,"(24.6253448, 46.7212587)","(24.6057798, 46.6880403)"
Al Sharaf,7.092,17.266666666666666,0.4107335907335907,"(24.6050858, 46.7081197)","(24.5924671, 46.6581626)"
ممر الحميمه,8.39,22.433333333333337,0.3739970282317979,"(24.6196381, 46.7297178)","(24.5983228, 46.6952861)"
Al Merwah,7.705,15.533333333333331,0.4960300429184549,"(24.5564513, 46.6926552)","(24.5248985, 46.6588895)"
أبي محمد العلاف,8.752,17.066666666666666,0.5128125,"(24.5855703, 46.6457942)","(24.5709221, 46.6072005)"
Al-Fajar,7.57,10.133333333333333,0.7470394736842106,"(24.8180188, 46.6660075)","(24.8126, 46.6558999)"
Omar Al Hajeb,6.338,13.516666666666667,0.4689025893958076,"(24.7854632, 46.8028881)","(24.760707, 46.7590336)"
الخذف,6.47,9.316666666666666,0.6944543828264759,"(24.5848639, 46.686229)","(24.5702727, 46.6453418)"
Al Ammar,6.735,16.866666666666667,0.3993083003952569,"(24.7286847, 46.6826067)","(24.6936181, 46.6457942)"
مدرك الضبي,13.117,27.516666666666666,0.4766929133858268,"(24.6710714, 46.7078177)","(24.6034634, 46.6580872)"
Ibraheem Bin Abdulsalam,12.281,24.4,0.5033196721311476,"(24.6593747, 46.7057037)","(24.5973701, 46.6523551)"
طريق مكة المكرمة الفرعي,16.438,31.7,0.5185488958990536,"(24.7201491, 46.7671967)","(24.6656897, 46.6367462)"
الفكر,14.517,40.63333333333333,0.3572682526661198,"(24.6403854, 46.73696959999999)","(24.6042262, 46.6898516)"
سبته,7.733,11.783333333333331,0.6562659123055162,"(24.76491, 46.6699305)","(24.7191642, 46.6578609)"
شارع أسد مولي رسول الله,8.842,19.0,0.4653684210526316,"(24.6580379, 46.7768732)","(24.6289546, 46.7623591)"
Raghdan,6.484,23.85,0.2718658280922432,"(24.6722289, 46.7345617)","(24.6388126, 46.7019289)"
الجبو,9.133,31.766666666666666,0.2875026232948583,"(24.6440511, 46.7655337)","(24.6101493, 46.7170297)"
طريق الرياض - الرمحية,7.417,16.283333333333335,0.4554964176049129,"(24.6236475, 46.6989848)","(24.5854023, 46.6870969)"
As Salah,7.748,17.15,0.4517784256559767,"(24.8258293, 46.9101143)","(24.7908938, 46.8919243)"
الخزان,8.147,20.616666666666667,0.3951657235246564,"(24.6410953, 46.7260923)","(24.6339923, 46.6880403)"
المضيق,12.203,35.9,0.3399164345403899,"(24.6975965, 46.7850392)","(24.6385203, 46.7118949)"
شارع ابن شداد,7.76,18.566666666666663,0.4179533213644524,"(24.6661731, 46.7312285)","(24.6540629, 46.6768718)"
شارع اسد بن زراره,8.842,22.283333333333335,0.3967988032909499,"(24.6580379, 46.7768732)","(24.6289546, 46.7623591)"
Laban Valley,19.898,38.31666666666667,0.5193040452370595,"(24.6575726, 46.6508675)","(24.6016845, 46.563363)"
Al Jabour,9.133,31.666666666666668,0.2884105263157894,"(24.6440511, 46.7655337)","(24.6101493, 46.7170297)"
ينبع,14.56,31.6,0.4607594936708861,"(24.6492832, 46.5861072)","(24.5956169, 46.5018235)"
شارع عمر بن عبدالعزيز,8.019,19.983333333333334,0.4012844036697247,"(24.7014787, 46.782922)","(24.6768552, 46.7260923)"
Al Ward,11.976,26.25,0.4562285714285715,"(24.6770813, 46.5903299)","(24.6277137, 46.54394749999999)"
خولي بن أبي خولي,6.9,17.933333333333334,0.3847583643122677,"(24.7233106, 46.82316489999999)","(24.6967577, 46.7762684)"
أم عمارة,6.305,12.866666666666667,0.4900259067357512,"(24.5634142, 46.7194462)","(24.5321671, 46.6946822)"
شارع اسد بن الحارثة الكلبي,8.856,19.316666666666663,0.4584641932700604,"(24.6580379, 46.7768732)","(24.6289546, 46.7623591)"
الصحراوي,8.571,15.283333333333331,0.5608069792802617,"(24.5799692, 46.7093277)","(24.5682164, 46.65605069999999)"
شبوة,7.382,20.283333333333335,0.3639441248972884,"(24.5751417, 46.7155194)","(24.5635888, 46.67291059999999)"
الأثود العليا,15.217,27.5,0.5533454545454546,"(24.7165527, 46.7035117)","(24.6682398, 46.66354519999999)"
منفوحة,6.18,13.933333333333334,0.4435406698564593,"(24.6109435, 46.7373393)","(24.587994, 46.7195843)"
Yanbu,14.56,31.433333333333337,0.4632025450689289,"(24.6492832, 46.5861072)","(24.5956169, 46.5018235)"
بدن بن زيد الدوسري,7.371,19.4,0.3799484536082474,"(24.7469689, 46.8410273)","(24.706146, 46.8107557)"
Al Rafaih,6.705,15.4,0.4353896103896104,"(24.6504946, 46.6769391)","(24.6252127, 46.6438333)"
الرمح,8.349,14.666666666666666,0.56925,"(24.7587914, 46.6898516)","(24.7200682, 46.67294829999999)"
Al Thuraya,7.027,11.5,0.6110434782608696,"(24.7651064, 46.75570829999999)","(24.7388652, 46.7233733)"
شارع الفضل التميمي,8.218,19.033333333333335,0.4317688266199649,"(24.759075, 46.6470008)","(24.7555028, 46.6448894)"
شارع الفرعة,17.705,42.15,0.4200474495848161,"(24.6746147, 46.73819719999999)","(24.586689, 46.6373493)"
راجية,8.894,17.333333333333332,0.5131153846153846,"(24.8218292, 46.77324429999999)","(24.8027754, 46.7623591)"
شارع الحلوة,7.582,15.666666666666666,0.4839574468085106,"(24.7981818, 46.6708358)","(24.7858495, 46.6222727)"
Ibn Taymeeyah Road,10.295,19.833333333333332,0.5190756302521009,"(24.5758636, 46.7236754)","(24.5205215, 46.6753627)"
شارع حصين بن حدير,7.408,9.683333333333334,0.765025817555938,"(24.6675779, 46.7635685)","(24.6640134, 46.7567663)"
Taiba,8.669,16.45,0.5269908814589667,"(24.6511266, 46.5692391)","(24.6237563, 46.549366)"
شارع النايفية,6.475,10.783333333333331,0.6004636785162287,"(24.7456243, 46.820138)","(24.7253957, 46.7752099)"
حمد الخطيب,6.491,18.566666666666663,0.349605026929982,"(24.6846253, 46.7094787)","(24.6439315, 46.6995133)"
Aka,12.784,24.55,0.5207331975560081,"(24.6936072, 46.8313384)","(24.6565883, 46.75510370000001)"
عوف بن حاجر الأزدي,7.753,12.216666666666669,0.63462482946794,"(24.5725734, 46.80894)","(24.556628, 46.7768732)"
الإمام بن جرير,6.568,11.1,0.5917117117117117,"(24.6083, 46.7791414)","(24.6057216, 46.77657079999999)"
عبيد الله بن يزيد,7.371,20.883333333333333,0.3529608938547486,"(24.7469689, 46.8410273)","(24.706146, 46.8107557)"
ساحل حلي الشمالي,7.904,32.266666666666666,0.2449586776859504,"(24.6390092, 46.737574)","(24.615552, 46.7251859)"
طريق الملك سعود,11.694,28.033333333333335,0.4171462544589774,"(24.6933354, 46.7188421)","(24.638759, 46.6457942)"
قرى الدار,12.413,26.433333333333337,0.4695964691046658,"(24.6398012, 46.6240816)","(24.5923203, 46.5969164)"
عاقل الليثي,7.926,16.766666666666666,0.4727236580516899,"(24.7572653, 46.7708252)","(24.7212289, 46.7460358)"
Al Anbari,7.75,15.333333333333334,0.5054347826086957,"(24.7330062, 46.7599405)","(24.6821831, 46.74875600000001)"
مغرة العمارين,6.735,17.416666666666668,0.3866985645933014,"(24.7286847, 46.6826067)","(24.6936181, 46.6457942)"
Al Jazeera Al Khuzra,9.177,19.25,0.4767272727272727,"(24.6860722, 46.8153462)","(24.6433178, 46.7776658)"
الجزائر,12.281,24.583333333333332,0.4995661016949153,"(24.6593747, 46.7057037)","(24.5973701, 46.6523551)"
الثوابية,7.703,13.233333333333333,0.5820906801007557,"(24.5991424, 46.7285093)","(24.5646728, 46.6801919)"
Qaha,6.694,9.183333333333334,0.7289292196007259,"(24.8094773, 46.7508718)","(24.7984307, 46.712499)"
الملك عبدالله,12.95,18.866666666666667,0.6863957597173145,"(24.7598942, 46.7618374)","(24.7040611, 46.7211557)"
غزالة,7.184,13.716666666666669,0.5237424058323208,"(24.6578442, 46.7031368)","(24.6255367, 46.6812483)"
Sadir,9.415,13.366666666666667,0.704364089775561,"(24.5989016, 46.6946822)","(24.5608874, 46.64157160000001)"
عالية,9.444,19.033333333333335,0.4961821366024518,"(24.7499246, 46.71174389999999)","(24.6996238, 46.6886441)"
مليجة,11.766,21.733333333333334,0.5413803680981595,"(24.6853803, 46.8428441)","(24.6294166, 46.7726395)"
سماك بن حرب,7.19,22.366666666666667,0.3214605067064083,"(24.6253448, 46.7212587)","(24.6057798, 46.6880403)"
ابن كعب,6.286,14.983333333333333,0.4195328142380423,"(24.7553853, 46.7635685)","(24.7181537, 46.7590336)"
الحنكة,11.149,17.8,0.6263483146067415,"(24.7861326, 46.7233733)","(24.7270423, 46.6850215)"
وادي الساهية,6.139,8.45,0.7265088757396451,"(24.7797288, 46.6524305)","(24.7557062, 46.6234786)"
Karachi,10.443,18.333333333333332,0.5696181818181818,"(24.7602337, 46.601173)","(24.7539594, 46.5975568)"
الحجل,6.484,10.25,0.6325853658536585,"(24.7887347, 46.6807956)","(24.7847265, 46.6727974)"
Abi Taher Ibn Al Salam,7.801,14.333333333333334,0.5442558139534883,"(24.722725, 46.8276552)","(24.692795, 46.7947917)"
ابن أبي حفصه,6.9,20.783333333333335,0.3319967923015236,"(24.7233106, 46.82316489999999)","(24.6967577, 46.7762684)"
شمس الدين بن عبدالملك,6.895,13.666666666666666,0.5045121951219512,"(24.5969246, 46.5836972)","(24.5848388, 46.5355198)"
Al Raed,8.176,16.683333333333334,0.49006993006993,"(24.7205795, 46.6541829)","(24.694263, 46.62321)"
عبدالرحمن بن أحمد,13.613,25.066666666666663,0.5430718085106383,"(24.5590467, 46.70917670000001)","(24.49419, 46.6364446)"
سديرة,9.415,14.116666666666667,0.6669421487603305,"(24.5989016, 46.6946822)","(24.5608874, 46.64157160000001)"
أسد السنة,8.842,20.883333333333333,0.4233998403830806,"(24.6580379, 46.7768732)","(24.6289546, 46.7623591)"
قرية الجدية,6.471,13.15,0.4920912547528517,"(24.6217074, 46.7164256)","(24.5872201, 46.6928707)"
عبدالمجيد بن أبي الشخباء,6.9,18.45,0.3739837398373984,"(24.7233106, 46.82316489999999)","(24.6967577, 46.7762684)"
Al Nadwah,13.392,28.916666666666668,0.4631239193083573,"(24.8278719, 46.9278255)","(24.7727852, 46.8616075)"
برقاء العليا,11.715,26.916666666666668,0.4352321981424148,"(24.7165527, 46.7035117)","(24.6682398, 46.66354519999999)"
خالد ابن الوليد,19.464,35.833333333333336,0.5431813953488371,"(24.8177153, 46.7889715)","(24.7236044, 46.7285093)"
عائشة بنت أبي بكر,9.87,22.2,0.4445945945945945,"(24.6178467, 46.670534)","(24.5647352, 46.6319212)"
حلبان,8.175,16.233333333333334,0.5035934291581109,"(24.8037367, 46.782922)","(24.7736595, 46.73727179999999)"
Soukh Thi Al Mjaz,8.525,27.216666666666665,0.3132271892222903,"(24.6817475, 46.7546277)","(24.6475414, 46.716127)"
وادي هجر,6.966,11.95,0.5829288702928871,"(24.8181963, 46.6186549)","(24.8093034, 46.6005703)"
الحميمة,8.701,26.65,0.3264915572232645,"(24.6196381, 46.7297178)","(24.5983228, 46.6952861)"
السعادية,9.484,17.983333333333334,0.5273772011121408,"(24.7175308, 46.8558487)","(24.6776424, 46.8168152)"
Al-Jazera,9.177,18.7,0.4907486631016042,"(24.6860722, 46.8153462)","(24.6433178, 46.7776658)"
رقوان,17.286,31.35,0.5513875598086124,"(24.627163, 46.6096871)","(24.5744531, 46.56547459999999)"
نهاوند,6.157,16.3,0.3777300613496932,"(24.584978, 46.7962319)","(24.5632022, 46.75510370000001)"
الغديرين,8.694,14.65,0.5934470989761093,"(24.7862846, 46.6684286)","(24.7610666, 46.640876)"
أمين الدين الأربلي,7.099,15.05,0.4716943521594684,"(24.5935461, 46.691965)","(24.5599237, 46.6842669)"
طريق طلحة بن عبيدالله,9.29,22.7,0.4092511013215859,"(24.717821, 46.855564)","(24.6826348, 46.7962319)"
شارع عنيزة,7.108,14.033333333333331,0.5065083135391923,"(24.7108149, 46.7938116)","(24.6834606, 46.7720347)"
السعادات,9.484,18.766666666666666,0.5053641207815276,"(24.7175308, 46.8558487)","(24.6776424, 46.8168152)"
جروه بن يزيد الطائي,7.371,19.433333333333337,0.3792967409948542,"(24.7469689, 46.8410273)","(24.706146, 46.8107557)"
شارع خالد الجندي,19.454,37.983333333333334,0.5121720052654674,"(24.8177153, 46.7889715)","(24.7236044, 46.7285093)"
الربيعة,8.801,15.283333333333331,0.575856052344602,"(24.7391318, 46.7587313)","(24.6933374, 46.7555571)"
Saeed Bin Amer,8.573,14.533333333333331,0.5898853211009175,"(24.7272521, 46.7727151)","(24.6793498, 46.7581267)"
شارع الإعتدال,7.722,15.633333333333333,0.4939445628997868,"(24.5554623, 46.7357609)","(24.5222612, 46.7103848)"
المهندس مساعد العنقري,12.032,21.133333333333333,0.5693375394321767,"(24.7263022, 46.6877384)","(24.7055021, 46.6753627)"
شارع أم الحمام,7.989,15.85,0.5040378548895899,"(24.7124471, 46.6657058)","(24.6705468, 46.6488106)"
فاطمة البغدادية,8.979,20.95,0.4285918854415274,"(24.6907085, 46.76296380000001)","(24.6546898, 46.72730079999999)"
أبي الفتوح بن أبي الفوارس,6.9,19.366666666666667,0.3562822719449225,"(24.7233106, 46.82316489999999)","(24.6967577, 46.7762684)"
الملك فهد فرعي,7.597,15.266666666666667,0.4976200873362445,"(24.7535293, 46.68524009999999)","(24.7278467, 46.65562389999999)"
حمزة البغدادي,6.003,10.516666666666667,0.5708082408874802,"(24.7589695, 46.8053088)","(24.7281493, 46.7811073)"
Abdulaziz Al Fereh,17.956,41.35,0.4342442563482466,"(24.6746147, 46.73819719999999)","(24.586689, 46.6373493)"
كعب العبسي,6.31,15.283333333333331,0.4128680479825518,"(24.7553853, 46.7635685)","(24.7181537, 46.7590336)"
معاذ الشعباني,7.2,14.35,0.5017421602787456,"(24.6049838, 46.7786878)","(24.5916431, 46.7702204)"
عبداللطيف بن عبدالملك آل الشيخ,6.23,15.633333333333333,0.3985074626865672,"(24.825001, 46.6198608)","(24.7973643, 46.6053922)"
ممر 70,8.404,17.25,0.4871884057971014,"(24.594892, 46.6403652)","(24.571468, 46.5812872)"
Port Saed Road,9.017,15.75,0.5725079365079365,"(24.5860316, 46.8252838)","(24.5419287, 46.8010727)"
الخليفة الناصر لدين الله,6.546,11.4,0.5742105263157895,"(24.5849552, 46.6343336)","(24.5669688, 46.6210667)"
Umm Al Hamam,6.297,16.15,0.3899071207430341,"(24.7124471, 46.6657058)","(24.6705468, 46.6488106)"
شارع سبأ,9.256,16.983333333333334,0.5450049067713444,"(24.7525584, 46.8411787)","(24.7516658, 46.8405352)"
ممر 111,7.799,15.116666666666667,0.5159206174200661,"(24.594892, 46.6403652)","(24.571468, 46.5812872)"
عكا,12.784,24.55,0.5207331975560081,"(24.6936072, 46.8313384)","(24.6565883, 46.75510370000001)"
عطية بن جنادة,6.502,13.8,0.471159420289855,"(24.7606712, 46.7874591)","(24.7520107, 46.747547)"
البستان,8.541,13.966666666666669,0.611527446300716,"(24.7031341, 46.66630929999999)","(24.6959039, 46.6135303)"
كروان السويدي,6.599,13.7,0.4816788321167883,"(24.6046188, 46.70659879999999)","(24.5769133, 46.6519375)"
هارون الخطيب,7.357,18.316666666666663,0.401656050955414,"(24.6846253, 46.7094787)","(24.6439315, 46.6995133)"
المحرق,6.079,9.266666666666667,0.6560071942446042,"(24.706941, 46.6301119)","(24.7000669, 46.6255891)"
قدير,8.694,14.583333333333334,0.59616,"(24.7862846, 46.6684286)","(24.7610666, 46.640876)"
طريق الملك فيصل,10.114,30.45,0.3321510673234811,"(24.6721253, 46.7236754)","(24.6170533, 46.6946822)"
فهد بن بلال,7.847,22.016666666666666,0.3564118092354277,"(24.68896, 46.76417319999999)","(24.6840036, 46.7132541)"
Saeed Bin Al Harith Al Sahmi,11.345,21.433333333333337,0.5293157076205288,"(24.8013768, 46.7484915)","(24.742101, 46.7052507)"
عبدالملك عبدالشكور,8.945,13.783333333333331,0.6489721886336155,"(24.7357296, 46.64157160000001)","(24.6960973, 46.6081801)"
عدي الضبي,13.333,28.816666666666663,0.4626836321573164,"(24.6710714, 46.7078177)","(24.6034634, 46.6580872)"
طريق ابن الهيثم,9.794,17.883333333333333,0.5476607642124884,"(24.7946905, 46.8373937)","(24.7606591, 46.8107557)"
Eastern Ring,31.68,58.083333333333336,0.5454232424677188,"(24.7921447, 46.805914)","(24.6224894, 46.7188421)"
الترمذي,6.614,13.45,0.4917472118959108,"(24.5759293, 46.7164256)","(24.5533497, 46.6946822)"
مصباح المالكي,9.176,32.11666666666667,0.28570835495589,"(24.658617, 46.75510370000001)","(24.6255656, 46.7106868)"
صلاح الدين الأيوبي,15.308,32.8,0.4667073170731707,"(24.7093659, 46.7774781)","(24.6525599, 46.7164256)"
الشموس,6.164,14.566666666666666,0.423157894736842,"(24.7190346, 46.8223324)","(24.7058256, 46.7774781)"
Masafi,6.92,10.6,0.6528301886792452,"(24.8249208, 46.7484538)","(24.7987016, 46.7084972)"
طريق الامير مساعد بن جلوي,11.616,28.516666666666666,0.4073407364114553,"(24.7113313, 46.7188421)","(24.6422095, 46.6946822)"
شارع الإمام أبوحنيفة,12.523,27.266666666666666,0.459278728606357,"(24.6353085, 46.6946822)","(24.5899618, 46.60298119999999)"
العينة,6.719,14.166666666666666,0.4742823529411765,"(24.6479744, 46.592133)","(24.640628, 46.5710461)"
حماس بن مروان,7.004,12.066666666666666,0.5804419889502762,"(24.5722899, 46.5752628)","(24.5618795, 46.5210757)"
طريق الأمير سلطان,8.978,23.433333333333337,0.3831294452347084,"(24.7059093, 46.7164256)","(24.6790947, 46.6657058)"
Abdullah Bin Omar,13.568,21.283333333333335,0.6374941268598276,"(24.750219, 46.8446611)","(24.7078712, 46.815598)"
الخيم,13.742,27.816666666666663,0.4940203714799281,"(24.6615875, 46.6578609)","(24.6092857, 46.5951461)"
جويرية بنت الحارث,7.105,9.55,0.743979057591623,"(24.7511046, 46.6524305)","(24.7318878, 46.64157160000001)"
عثمان الضبي,13.234,27.033333333333335,0.4895437731196054,"(24.6710714, 46.7078177)","(24.6034634, 46.6580872)"
الأشقر,7.441,10.483333333333333,0.7097933227344992,"(24.9081998, 46.9537969)","(24.8813536, 46.9283108)"
شارع ريحانة بنت زيد,12.133,15.6,0.7777564102564102,"(24.9025533, 46.6512239)","(24.8838705, 46.6102146)"
ممر 109,8.404,17.366666666666667,0.483915547024952,"(24.594892, 46.6403652)","(24.571468, 46.5812872)"
شارع الثلاثين,9.059,22.2,0.408063063063063,"(24.7059093, 46.7164256)","(24.6790947, 46.6657058)"
الوليد بن عبدالملك,6.895,14.083333333333334,0.489585798816568,"(24.5969246, 46.5836972)","(24.5848388, 46.5355198)"
الشرف,7.092,18.666666666666668,0.3799285714285714,"(24.6050858, 46.7081197)","(24.5924671, 46.6581626)"
Wathilan,6.402,11.133333333333333,0.5750299401197605,"(24.5795234, 46.6952861)","(24.5387215, 46.6758154)"
Al Olaya,11.353,28.95,0.3921588946459413,"(24.7165527, 46.7035117)","(24.6682398, 46.66354519999999)"
110 ممر,8.404,16.766666666666666,0.5012326043737575,"(24.594892, 46.6403652)","(24.571468, 46.5812872)"
الامام الشافعي,11.294,21.816666666666663,0.517677616501146,"(24.7318305, 46.815598)","(24.6784302, 46.7817122)"
سعيد السلمي,6.052,8.866666666666667,0.6825563909774435,"(24.7499138, 46.64398449999999)","(24.739142, 46.6289058)"
شارع اسعد بن يربوع الانصاري,6.403,13.55,0.4725461254612546,"(24.5991766, 46.7938116)","(24.5920387, 46.7786878)"
Al Difa,19.25,28.033333333333335,0.6866825208085612,"(24.5983788, 46.8560037)","(24.5735721, 46.8088237)"
شارع الاسود بن ثعلبة,13.867,21.2,0.6541037735849057,"(24.7586531, 46.8591989)","(24.717821, 46.8295219)"
ابن أبي زرقاء,6.9,20.433333333333337,0.3376835236541599,"(24.7233106, 46.82316489999999)","(24.6967577, 46.7762684)"
الرافدة,6.138,17.15,0.3579008746355685,"(24.7758526, 46.8313384)","(24.7477668, 46.8253595)"
رفيعة,6.705,13.916666666666666,0.4817964071856287,"(24.6504946, 46.6769391)","(24.6252127, 46.6438333)"
Umm Al Hamam Street,6.297,14.966666666666669,0.4207349665924276,"(24.7124471, 46.6657058)","(24.6705468, 46.6488106)"
الكهف,9.755,19.716666666666665,0.4947590870667794,"(24.7553203, 46.8216514)","(24.6973906, 46.81317680000001)"
عبيد بن أبي مريم,6.9,18.866666666666667,0.3657243816254417,"(24.7233106, 46.82316489999999)","(24.6967577, 46.7762684)"
63 ممر,8.404,17.416666666666668,0.4825263157894736,"(24.594892, 46.6403652)","(24.571468, 46.5812872)"
إسماعيل البغدادي,6.003,10.733333333333333,0.5592857142857144,"(24.7589695, 46.8053088)","(24.7281493, 46.7811073)"
محمد علي جناح,16.266,24.133333333333333,0.6740055248618784,"(24.8148754, 46.7986522)","(24.7545582, 46.6995133)"
خارجة بن حذافة,6.473,12.4,0.522016129032258,"(24.702937, 46.7442224)","(24.6982062, 46.7049487)"
بدرة,20.792,35.46666666666667,0.5862406015037595,"(24.5726435, 46.7841423)","(24.4951198, 46.6771475)"
أسامة بن حارثة الكلبي,6.694,13.083333333333334,0.5116433121019108,"(24.7750098, 46.6162433)","(24.7561845, 46.6053922)"
King Saud,13.342,25.3,0.5273517786561265,"(24.6933354, 46.7188421)","(24.638759, 46.6457942)"
King Abdulaziz,11.453,21.45,0.5339393939393939,"(24.7427455, 46.7450497)","(24.6935528, 46.6929946)"
Mohamed Ibn Hamd Ibn Faris,6.25,19.516666666666666,0.3202391118701964,"(24.6679326, 46.7478493)","(24.6359973, 46.7285093)"
الخزرج,7.174,12.833333333333334,0.559012987012987,"(24.7851293, 46.6850215)","(24.7573837, 46.6596712)"
ساحل,7.048,33.5,0.2103880597014925,"(24.6390092, 46.737574)","(24.615552, 46.7251859)"
الربيع - اليرموك,8.853,26.433333333333337,0.3349180327868852,"(24.8246022, 46.80901840000001)","(24.7913163, 46.7581815)"
قرين الرين,7.652,15.466666666666669,0.4947413793103448,"(24.7279212, 46.7947917)","(24.6946911, 46.7618374)"
Shoudha Badr,20.792,36.68333333333333,0.5667969104952295,"(24.5726435, 46.7841423)","(24.4951198, 46.6771475)"
الياسمين,9.537,17.933333333333334,0.5318029739776952,"(24.8430476, 46.6698339)","(24.8006436, 46.6142181)"
أبي عبيدة بن مسعود,7.177,18.916666666666668,0.3794008810572686,"(24.7435132, 46.8325494)","(24.7020341, 46.8010727)"
محمد بن البشير ألازهري,6.326,10.183333333333334,0.6212111292962357,"(24.6760787, 46.8410273)","(24.6631189, 46.81801919999999)"
شارع ابن تيمية,10.049,20.183333333333337,0.4978860445912468,"(24.5758636, 46.7236754)","(24.5205215, 46.6753627)"
حسن بن حسين,16.057,27.45,0.5849544626593807,"(24.8467573, 46.7865516)","(24.7617666, 46.7381783)"
الحرائري,12.164,24.5,0.4964897959183673,"(24.6593747, 46.7057037)","(24.5973701, 46.6523551)"
شارع حمزة بن عبدالمطلب,14.804,25.1,0.589800796812749,"(24.6172233, 46.6463975)","(24.5561234, 46.6017757)"
Al Awali,12.243,22.95,0.5334640522875818,"(24.5767642, 46.66049169999999)","(24.5428661, 46.5796016)"
القطار,6.018,14.116666666666667,0.4263046044864226,"(24.6020912, 46.660878)","(24.5873951, 46.61744909999999)"
أسامة بن زيد,7.371,19.75,0.3732151898734177,"(24.7469689, 46.8410273)","(24.706146, 46.8107557)"
Yalamlam,8.392,23.6,0.355593220338983,"(24.7968728, 46.8017535)","(24.7544746, 46.7894252)"
قتادة,11.657,23.866666666666667,0.4884217877094972,"(24.6564596, 46.7082707)","(24.6025389, 46.6589169)"
جديدة,6.471,13.1,0.4939694656488549,"(24.6217074, 46.7164256)","(24.5872201, 46.6928707)"
جرير,6.515,13.433333333333334,0.4849875930521091,"(24.6883175, 46.76049620000001)","(24.6661834, 46.7409476)"
شرورة,7.641,15.566666666666666,0.4908565310492505,"(24.805822, 46.7659873)","(24.7634044, 46.7405959)"
عبيد الله العنبري,7.75,15.666666666666666,0.4946808510638298,"(24.7330062, 46.7599405)","(24.6821831, 46.74875600000001)"
أشقر بن مروان,7.004,13.416666666666666,0.5220372670807454,"(24.5722899, 46.5752628)","(24.5618795, 46.5210757)"
فاطمة الزبيرية,8.567,20.15,0.4251612903225807,"(24.6907085, 46.76296380000001)","(24.6546898, 46.72730079999999)"
بياض,6.094,14.083333333333334,0.4327100591715976,"(24.8079552, 46.7655526)","(24.7732969, 46.7623591)"
شارع اسعد بن حرام الخزرجي,6.403,13.066666666666666,0.4900255102040816,"(24.5991766, 46.7938116)","(24.5920387, 46.7786878)"
Sinan,13.256,14.816666666666666,0.8946681664791901,"(24.6035359, 46.58912)","(24.5978788, 46.58490219999999)"
Al Ahmad Valley,13.907,24.666666666666668,0.5637972972972972,"(24.5590467, 46.70917670000001)","(24.49419, 46.6364446)"
جبل شبرى,7.766,13.333333333333334,0.58245,"(24.5965515, 46.6945024)","(24.5611161, 46.6416094)"
أم الزهر,9.448,20.483333333333334,0.4612530512611879,"(24.7438936, 46.6958899)","(24.6915966, 46.6678181)"
شارع عبدالله بن عمر بن العاص,13.568,22.616666666666667,0.5999115696389093,"(24.750219, 46.8446611)","(24.7078712, 46.815598)"
شارع وادي حنيفة,24.082,45.88333333333333,0.5248528877588086,"(24.7033408, 46.6807956)","(24.5998153, 46.60298119999999)"
داود بن الهيثم,9.794,17.033333333333335,0.5749902152641878,"(24.7946905, 46.8373937)","(24.7606591, 46.8107557)"
بورسعيد,9.017,15.383333333333333,0.5861538461538461,"(24.5860316, 46.8252838)","(24.5419287, 46.8010727)"
شارع الوقار,10.592,17.45,0.6069914040114613,"(24.7854313, 46.7620568)","(24.7611366, 46.70917670000001)"
ابن أبي منيع,6.9,18.466666666666665,0.3736462093862816,"(24.7233106, 46.82316489999999)","(24.6967577, 46.7762684)"
Al Muhareb,20.891,44.25,0.4721129943502824,"(24.6431497, 46.7285093)","(24.5460354, 46.6476041)"
ممر المستورد بن شداد,7.76,17.133333333333333,0.4529182879377432,"(24.6661731, 46.7312285)","(24.6540629, 46.6768718)"
ابن تيمية,11.295,20.466666666666665,0.5518729641693811,"(24.5758636, 46.7236754)","(24.5205215, 46.6753627)"
Tareq Bin Zaid Road,7.371,20.133333333333333,0.3661092715231788,"(24.7469689, 46.8410273)","(24.706146, 46.8107557)"
شارع على بن أبي طالب,16.158,32.983333333333334,0.4898837796867105,"(24.6805135, 46.7671967)","(24.6134842, 46.7405959)"
القريات,6.826,12.0,0.5688333333333333,"(24.8239822, 46.6850215)","(24.8042754, 46.6752873)"
Jzr Al Khaleej,9.848,24.1,0.4086307053941909,"(24.7968653, 46.8295247)","(24.7568426, 46.77653309999999)"
سليمان بن عبدالله آل الشيخ,10.419,17.65,0.5903116147308782,"(24.7384386, 46.64157160000001)","(24.7046701, 46.6078033)"
أسعد بن سلامة الأنصاري,6.403,13.583333333333334,0.4713865030674846,"(24.5991766, 46.7938116)","(24.5920387, 46.7786878)"
Tariq Bin Shabab,10.274,21.5,0.477860465116279,"(24.6226251, 46.7671967)","(24.5785679, 46.7430136)"
الإسكندراني,7.843,15.833333333333334,0.4953473684210526,"(24.7129533, 46.7762684)","(24.6739252, 46.7448269)"
يوسف الأنفاسي,11.374,23.616666666666667,0.4816090331686662,"(24.6555349, 46.7097808)","(24.6033697, 46.6638953)"
الفرزدق,14.164,42.8,0.3309345794392523,"(24.6870478, 46.7430136)","(24.6048722, 46.7188421)"
الملاح,12.108,30.35,0.3989456342668863,"(24.6533723, 46.7454314)","(24.6162155, 46.7067607)"
الحداد,11.478,16.95,0.6771681415929204,"(24.6927368, 46.7944167)","(24.6437154, 46.7883665)"
طريق الدائري الشرقي -الثوير,31.68,59.95,0.528440366972477,"(24.7921447, 46.805914)","(24.6224894, 46.7188421)"
دقم المروة,7.705,15.383333333333333,0.500866738894908,"(24.5564513, 46.6926552)","(24.5248985, 46.6588895)"
أسعد بن أحمد الحباب,13.914,26.15,0.5320841300191205,"(24.5590467, 46.70917670000001)","(24.49419, 46.6364446)"
دمنهور,19.526,28.283333333333335,0.690371243370654,"(24.5460718, 46.6813993)","(24.4659922, 46.630715)"
شارع الوليد بن عبد الشمس,6.895,13.566666666666666,0.5082309582309582,"(24.5969246, 46.5836972)","(24.5848388, 46.5355198)"
ياقوت الأمامي,23.834,38.38333333333333,0.6209465914025184,"(24.6060597, 46.8495065)","(24.5533825, 46.7744539)"
شارع طيبة,6.385,16.0,0.3990625,"(24.6511266, 46.5692391)","(24.6237563, 46.549366)"
السويدي العام,6.949,15.066666666666666,0.461216814159292,"(24.6055933, 46.7067607)","(24.5807802, 46.6572575)"
اليرموك,8.853,21.95,0.4033257403189066,"(24.8246022, 46.80901840000001)","(24.7913163, 46.7581815)"
شارع الأمير سلطان بن سلمان بن عبدالعزيز,6.066,10.033333333333331,0.6045847176079734,"(24.7275999, 46.6813993)","(24.7154815, 46.6590677)"
Ariha,10.404,24.716666666666665,0.4209305461901551,"(24.7064561, 46.77233709999999)","(24.6560661, 46.7309264)"
المعيزيلة,15.312,26.383333333333333,0.5803663929248263,"(24.8186427, 46.8597823)","(24.7649743, 46.8156829)"
قتادة بن النعمان,11.343,25.333333333333332,0.44775,"(24.6564596, 46.7082707)","(24.6025389, 46.6589169)"
رماح,7.61,15.8,0.4816455696202532,"(24.7587914, 46.6898516)","(24.7200682, 46.67294829999999)"
الرسان,7.652,15.733333333333333,0.4863559322033898,"(24.7279212, 46.7947917)","(24.6946911, 46.7618374)"
Abi Hasain Al Hanbali,8.824,15.85,0.5567192429022082,"(24.8022123, 46.6638953)","(24.7837499, 46.6243831)"
مجمع بن حارثة,6.694,12.566666666666666,0.5326790450928383,"(24.7750098, 46.6162433)","(24.7561845, 46.6053922)"
Wadi Al Rumah St.,7.247,15.05,0.4815282392026578,"(24.7587914, 46.6898516)","(24.7200682, 46.67294829999999)"
النظايم,13.392,29.95,0.4471452420701168,"(24.8278719, 46.9278255)","(24.7727852, 46.8616075)"
Al Ghareeb,10.496,17.666666666666668,0.5941132075471698,"(24.7235842, 46.7901815)","(24.6767355, 46.7497383)"
الحدبه,7.126,19.383333333333333,0.3676354256233878,"(24.6195884, 46.7282071)","(24.5895889, 46.7234866)"
الخضرة,9.178,15.95,0.5754231974921631,"(24.7628082, 46.7662896)","(24.7368424, 46.7121969)"
Nahawand,6.223,14.2,0.4382394366197183,"(24.584978, 46.7962319)","(24.5632022, 46.75510370000001)"
موسى بن نصير,6.973,14.783333333333331,0.4716798196166854,"(24.7091818, 46.6910592)","(24.6931774, 46.6584643)"
عمر بن أبي المعالي,8.631,14.916666666666666,0.5786145251396648,"(24.7618462, 46.7620663)","(24.7194282, 46.7466403)"
الشيخ جابر الأحمد الصباح,13.044,25.483333333333334,0.5118639633747547,"(24.8400346, 46.83012739999999)","(24.7790607, 46.7865516)"
الجادعي,7.483,15.5,0.4827741935483871,"(24.5956024, 46.5924343)","(24.573362, 46.5499681)"
Al Rumh,8.349,15.366666666666667,0.5433188720173536,"(24.7587914, 46.6898516)","(24.7200682, 46.67294829999999)"
طفيل العبسي,6.286,13.833333333333334,0.4544096385542168,"(24.7553853, 46.7635685)","(24.7181537, 46.7590336)"
شارع الأسعد,6.403,13.45,0.4760594795539033,"(24.5991766, 46.7938116)","(24.5920387, 46.7786878)"
جاكارتا,6.03,12.65,0.4766798418972332,"(24.7186837, 46.8567756)","(24.6891738, 46.8543525)"
Maan Bin Ows,7.165,14.2,0.5045774647887324,"(24.6320336, 46.8010727)","(24.6273961, 46.7913915)"
الغوازي,7.118,14.366666666666667,0.4954524361948956,"(24.7125874, 46.8425413)","(24.7049446, 46.7981984)"
تقي الدين التميمي,9.088,15.466666666666669,0.5875862068965517,"(24.6637775, 46.52589)","(24.6309065, 46.4849839)"
ممر الجوابرة,7.05,12.4,0.5685483870967741,"(24.7358359, 46.6682707)","(24.7026367, 46.632072)"
الزهو,9.448,14.883333333333333,0.6348040313549832,"(24.7438936, 46.6958899)","(24.6915966, 46.6678181)"
طريق الأمير سطام بن عبدالعزيز,8.082,19.2,0.4209375000000001,"(24.6587247, 46.6801919)","(24.6158359, 46.6657058)"
مثيبة,14.215,33.166666666666664,0.4285929648241206,"(24.6250247, 46.7413514)","(24.5782971, 46.7029858)"
المسلمة,8.895,18.616666666666667,0.4777976723366159,"(24.5839929, 46.66630929999999)","(24.5486525, 46.6231017)"
الرونة العليا,13.406,22.85,0.5866958424507659,"(24.7165527, 46.7035117)","(24.6682398, 46.66354519999999)"
Al Ghazaleh Path,7.068,11.783333333333331,0.5998302687411599,"(24.6578442, 46.7031368)","(24.6255367, 46.6812483)"
شارع ابن الهيثم,9.794,16.55,0.5917824773413898,"(24.7946905, 46.8373937)","(24.7606591, 46.8107557)"
سبتة,7.733,11.283333333333331,0.6853471196454948,"(24.76491, 46.6699305)","(24.7191642, 46.6578609)"
العليا العام,13.406,19.233333333333334,0.6970190641247833,"(24.7165527, 46.7035117)","(24.6682398, 46.66354519999999)"
الأحوص بن ثعلبة,6.111,14.133333333333333,0.4323820754716981,"(24.603141, 46.681852)","(24.5972235, 46.64926310000001)"
جهام,8.718,15.5,0.5624516129032258,"(24.808157, 46.7678014)","(24.7739725, 46.7179359)"
شارع اسامة بن خريم,7.371,20.0,0.36855,"(24.7469689, 46.8410273)","(24.706146, 46.8107557)"
شارع معاذ بن جبل,6.979,13.1,0.5327480916030535,"(24.6049838, 46.7786878)","(24.5916431, 46.7702204)"
زهير بن حرب,7.19,22.7,0.3167400881057269,"(24.6253448, 46.7212587)","(24.6057798, 46.6880403)"
طريق عمر بن الخطاب,13.016,37.36666666666667,0.3483318465655664,"(24.6698077, 46.7865516)","(24.6443417, 46.71400920000001)"
Shabwa,7.382,19.083333333333332,0.3868296943231441,"(24.5751417, 46.7155194)","(24.5635888, 46.67291059999999)"
Al Hazm,13.636,23.066666666666663,0.5911560693641619,"(24.5715387, 46.678946)","(24.5170548, 46.62255260000001)"
شارع اسامة بن شريك الثعلبي,7.371,19.85,0.3713350125944584,"(24.7469689, 46.8410273)","(24.706146, 46.8107557)"
الحزم,14.607,21.733333333333334,0.672101226993865,"(24.5715387, 46.678946)","(24.5170548, 46.62255260000001)"
An-Nasar Road,13.127,23.216666666666665,0.5654127781765973,"(24.6030097, 46.7889715)","(24.5762585, 46.737574)"
التاج,12.486,14.95,0.8351839464882944,"(24.78133100000002, 46.6595165)","(24.73717459999997, 46.5755256)"
سعد بن أبي وقاص,7.388,20.3,0.3639408866995073,"(24.745241, 46.83618260000001)","(24.7044208, 46.805914)"
المحاربي,20.888,46.3,0.4511447084233262,"(24.6431497, 46.7285093)","(24.5460354, 46.6476041)"
أبي العتاهية,7.742,23.916666666666668,0.3237073170731707,"(24.737833, 46.8325494)","(24.7014787, 46.7792927)"
ممر اليرموك,8.853,26.7,0.3315730337078652,"(24.8246022, 46.80901840000001)","(24.7913163, 46.7581815)"
ممرالأحقاب,12.53,25.7,0.4875486381322957,"(24.7326658, 46.82377030000001)","(24.675455, 46.7805024)"
الخليل,13.914,25.466666666666665,0.5463612565445026,"(24.5590467, 46.70917670000001)","(24.49419, 46.6364446)"
الإعتدال,7.722,15.766666666666667,0.4897674418604651,"(24.5554623, 46.7357609)","(24.5222612, 46.7103848)"
الملك سعود,13.342,23.366666666666667,0.5709843081312411,"(24.6933354, 46.7188421)","(24.638759, 46.6457942)"
شارع خالد بن العاص,19.464,37.666666666666664,0.5167433628318584,"(25.1564724, 47.34695430000001)","(24.2939113, 46.2981033)"
شارع حفصة بنت عمر بن الخطاب,10.009,20.133333333333333,0.497135761589404,"(24.7546817, 46.8071244)","(24.721463, 46.7575221)"
Al Rakb,8.873,16.183333333333334,0.5482801235839341,"(24.7092213, 46.81680859999999)","(24.6843684, 46.7703716)"
شارع حفصه بن سيرين,10.009,16.683333333333334,0.5999400599400599,"(24.7546817, 46.8071244)","(24.721463, 46.7575221)"
طوقة العليا,11.434,28.566666666666663,0.4002567094515752,"(24.7165527, 46.7035117)","(24.6682398, 46.66354519999999)"
شارع خالد الفرح,19.464,36.916666666666664,0.5272415349887133,"(24.8177153, 46.7889715)","(24.7236044, 46.7285093)"
الطريق الدائري الجنوبي الفرعي,35.838,65.2,0.5496625766871166,"(24.641973, 46.8204406)","(24.5383879, 46.5933382)"
سماح,10.363,23.866666666666667,0.4342039106145251,"(24.6255002, 46.6893988)","(24.5726548, 46.6453418)"
هيت,11.616,25.1,0.4627888446215139,"(24.5176659, 47.022965)","(24.4388512, 46.9356208)"
محمود اسكندراني,7.843,16.2,0.4841358024691358,"(24.7129533, 46.7762684)","(24.6739252, 46.7448269)"
جعفر بن أبي المغيرة,6.9,20.933333333333337,0.3296178343949045,"(24.7233106, 46.82316489999999)","(24.6967577, 46.7762684)"
عبيد بن أبي طلحة,6.9,19.516666666666666,0.3535439795046968,"(24.7233106, 46.82316489999999)","(24.6967577, 46.7762684)"
وعلة,10.952,32.63333333333333,0.3356077630234934,"(24.6715975, 46.7441469)","(24.6187426, 46.6930971)"
شارع فاطمة الزهراء,8.567,22.85,0.3749234135667396,"(24.6907085, 46.76296380000001)","(24.6546898, 46.72730079999999)"
ابن فارس,6.54,23.516666666666666,0.2781006378454996,"(24.6679326, 46.7478493)","(24.6359973, 46.7285093)"
حليمة السعدية,6.113,26.5,0.2306792452830189,"(24.6184466, 46.7260923)","(24.6005061, 46.7164256)"
أنجب بن أحمد,13.914,24.483333333333334,0.5683049693669162,"(24.5590467, 46.70917670000001)","(24.49419, 46.6364446)"
البيداء,14.229,27.733333333333334,0.5130649038461538,"(24.7310537, 46.84344979999999)","(24.6808089, 46.7578244)"
المنحل العنبري,7.75,15.55,0.4983922829581993,"(24.7330062, 46.7599405)","(24.6821831, 46.74875600000001)"
Al Hareth,11.258,19.4,0.5803092783505155,"(24.8013768, 46.7484915)","(24.742101, 46.7052507)"
وادي درعة,8.52,19.15,0.4449086161879895,"(24.6628532, 46.8264947)","(24.6359111, 46.7684062)"
الضحى,8.583,15.166666666666666,0.5659120879120879,"(24.7706736, 46.7019289)","(24.7356204, 46.6637445)"
العريجاء,6.348,12.3,0.5160975609756098,"(24.6361119, 46.6731787)","(24.6126837, 46.6396075)"
طريق رماح الرمحية,6.404,18.816666666666663,0.3403365810451727,"(24.6236475, 46.6989848)","(24.5854023, 46.6870969)"
الفروثي,7.333,17.816666666666666,0.4115809167446211,"(24.764204, 46.6916631)","(24.7187709, 46.6844178)"
طريق وادي حنيفة,22.946,45.416666666666664,0.5052330275229359,"(24.7033408, 46.6807956)","(24.5998153, 46.60298119999999)"
عمرو بن العاص,6.831,13.666666666666666,0.499829268292683,"(24.6484974, 46.7073647)","(24.6325151, 46.6750609)"
Al Farzdaq Street,12.989,41.93333333333333,0.3097535771065183,"(24.6870478, 46.7430136)","(24.6048722, 46.7188421)"
ابن أبي خلق,6.9,20.066666666666663,0.3438538205980067,"(24.7233106, 46.82316489999999)","(24.6967577, 46.7762684)"
شارع الوليد بن جابر,6.895,14.066666666666666,0.4901658767772511,"(24.5969246, 46.5836972)","(24.5848388, 46.5355198)"
شارع اسد بن خزيمة,8.842,19.583333333333332,0.4515063829787235,"(24.6580379, 46.7768732)","(24.6289546, 46.7623591)"
الورد,11.976,27.816666666666663,0.4305332534451768,"(24.6770813, 46.5903299)","(24.6277137, 46.54394749999999)"
Al Masrouh,8.346,18.8,0.4439361702127659,"(24.6219828, 46.7653843)","(24.5942887, 46.7283912)"
الأمير فيصل بن عبدالعزيز بن سعود,6.804,13.05,0.5213793103448275,"(24.6151277, 46.7067607)","(24.6092966, 46.6898516)"
Malham,7.63,11.633333333333333,0.6558739255014326,"(25.1859133, 46.35646819999999)","(25.1446629, 46.3126088)"
Imam Malik Road,22.275,31.416666666666668,0.7090185676392572,"(24.8506483, 46.7188421)","(24.7825477, 46.56863670000001)"
منيفة,8.361,17.9,0.4670949720670392,"(24.7287144, 46.6720429)","(24.6888318, 46.6388195)"
حي الروضة,9.642,20.066666666666663,0.4804983388704318,"(24.7532343, 46.7870871)","(24.7145113, 46.7488715)"
السائب بن زيد,7.371,20.083333333333332,0.3670207468879669,"(24.7469689, 46.8410273)","(24.706146, 46.8107557)"
ثمينة,9.22,15.916666666666666,0.5792670157068064,"(24.8090501, 46.763115)","(24.772079, 46.71129089999999)"
بيدة,8.496,21.25,0.3998117647058823,"(24.6137046, 46.6878894)","(24.5886539, 46.6349367)"
عبداللطيف الخيمي,6.273,13.4,0.4681343283582089,"(24.6668921, 46.7040428)","(24.6644876, 46.6998152)"
الحويرة,9.177,18.933333333333337,0.4847007042253521,"(24.6860722, 46.8153462)","(24.6433178, 46.7776658)"
التوحيد,6.077,9.666666666666666,0.6286551724137931,"(24.5602792, 46.6204638)","(24.5516396, 46.609009)"
القاضي الفراء,6.709,18.233333333333334,0.3679524680073125,"(25.1564724, 47.34695430000001)","(24.2939113, 46.2981033)"
شارع الاسود بن ابي الاسود النهدي,13.867,23.1,0.6003030303030303,"(24.7586531, 46.8591989)","(24.717821, 46.8295219)"
